title,date,url
"Berkait dengan Literasi, Perpusnas Dukung MBG",Date not found,https://republika.co.id/berita//t4zz04418/berkait-dengan-literasi-perpusnas-dukung-mbg
Sekitar 800 Siswa SMK Kandeman Batang Keracunan Usai Santap Menu MBG,Date not found,https://republika.co.id/berita//t4zwlq409/sekitar-800-siswa-smk-kandeman-batang-keracunan-usai-santap-menu-mbg
"Kang DS Gagas Kerja Sama Nasional Tangani Limbah Dapur MBG Antara AKKOPSI, APKASI, dan HAKLI",Date not found,https://republika.co.id/berita//t4zs3m472/kang-ds-gagas-kerja-sama-nasional-tangani-limbah-dapur-mbg-antara-akkopsi-apkasi-dan-hakli
"Sobekan Kertas untuk Presiden: ‘Terima Kasih, Pak Prabowo, Nasi MBG-nya Enak",Date not found,https://republika.co.id/berita//t4zryg451/sobekan-kertas-untuk-presiden-%e2%80%98terima-kasih-pak-prabowo-nasi-mbg-nya-enak
"Bupati Gunungkidul Murka, Ultimatum Dapur MBG Usai Hampir 700 Anak Keracunan: Ini Nyawa Banyak Orang",Date not found,https://republika.co.id/berita//t4znve282/bupati-gunungkidul-murka-ultimatum-dapur-mbg-usai-hampir-700-anak-keracunan-ini-nyawa-banyak-orang
"Zero AccidentKeracunan MBG, Kota Cimahi Miliki Jurus Khusus",Date not found,https://republika.co.id/berita//t4zf5q512/zero-accident-keracunan-mbg-kota-cimahi-miliki-jurus-khusus
"Kunjungi SMAN 15 Pandeglang, Gubernur Banten Andra Soni Ungkap Manfaat MBG",Date not found,https://republika.co.id/berita//t4ycfh320/kunjungi-sman-15-pandeglang-gubernur-banten-andra-soni-ungkap-manfaat-mbg
"Hampir 700 Anak Keracunan MBG, Pemkab Gunungkidul Siapkan Rp100 Juta untuk Biaya Perawatan",Date not found,https://republika.co.id/berita//t4y0a7282/hampir-700-anak-keracunan-mbg-pemkab-gunungkidul-siapkan-rp100-juta-untuk-biaya-perawatan
"BGN Optimistis Target 82,9 Juta Penerima Manfaat MBG Tercapai",Date not found,https://republika.co.id/berita//t4xutt418/bgn-optimistis-target-829-juta-penerima-manfaat-mbg-tercapai
"Menteri HAM Natalius Pigai: Kasus Keracunan MBG Sangat Kecil Hanya 0,0017 Persen",Date not found,https://republika.co.id/berita//t4xu8q282/menteri-ham-natalius-pigai-kasus-keracunan-mbg-sangat-kecil-hanya-00017-persen
"Komentari Keracunan MBG, Menteri HAM: Kesalahan Suatu Pekerjaan tak Boleh Dinilai, Tapi Diperbaiki",Date not found,https://republika.co.id/berita//t4xrzc487/komentari-keracunan-mbg-menteri-ham-kesalahan-suatu-pekerjaan-tak-boleh-dinilai-tapi-diperbaiki
"Sidak SPPG, Bupati Gunungkidul Sebut Ada Indikasi Bakteri E Coli pada Air yang Picu Keracunan MBG",Date not found,https://republika.co.id/berita//t4xohf291/sidak-sppg-bupati-gunungkidul-sebut-ada-indikasi%c2%a0bakteri%c2%a0e-coli-pada-air-yang-picu-keracunan-mbg
Eks Komisioner KPAI: Perempuan Pilar Keberhasilan Program MBG,Date not found,https://republika.co.id/berita//t4xkhz291/eks-komisioner-kpai-perempuan-pilar-keberhasilan-program-mbg
Prabowo Tunjuk Nanik Deyang Jadi Ketua Pelaksana Harian Program MBG,Date not found,https://republika.co.id/berita//t4x1gj484/prabowo-tunjuk-nanik-deyang-jadi-ketua-pelaksana-harian-program-mbg
Hampir 700 Anak dari Dua Sekolah di Gunungkidul Diduga Keracunan MBG,Date not found,https://republika.co.id/berita//t4wzj8291/hampir-700-anak-dari-dua-sekolah-di-gunungkidul-diduga-keracunan-mbg
"Keracunan MBG di Bandung Barat Kembali Terjadi, Ratusan Pelajar Jadi Korban",Date not found,https://republika.co.id/berita//t4wbv4375/keracunan-mbg-di-bandung-barat-kembali-terjadi-ratusan-pelajar-jadi-korban
"Soroti Varietas Beras Unggul, Guru Besar UGM: Bisa Jadi Penentu Keberhasilan Program MBG",Date not found,https://republika.co.id/berita//t4w61l291/soroti-varietas-beras-unggul-guru-besar-ugm-bisa%c2%a0jadi-penentu-keberhasilan-program-mbg
"Truk Pengangkut Susu MBG Terperosok ke Jurang, Pelajar Ramai-ramai Berburu Susu Kemasan",Date not found,https://republika.co.id/berita//t4viix512/truk-pengangkut-susu-mbg-terperosok-ke-jurang-pelajar-ramai-ramai-berburu-susu-kemasan
Lagi-lagi Ratusan Siswa di Bandung Barat Tumbang Gegara MBG,Date not found,https://republika.co.id/berita//t4vhmf512/lagi-lagi-ratusan-siswa-di-bandung-barat-tumbang-gegara-mbg
"Saat Siswa Konsumsi MBG Beracun, Makanan dan Minuman Ini Bisa Redakan Gejala Keracunan",Date not found,https://republika.co.id/berita//t4urih282/saat-siswa-konsumsi-mbg-beracun-makanan-dan-minuman-ini-bisa-redakan-gejala-keracunan
Iwan Koswara Minta Pengawasan Bahan Baku Program MBG Diperketat,Date not found,https://republika.co.id/berita//t4sjy9472/iwan-koswara-minta-pengawasan-bahan-baku-program-mbg-diperketat
"Butet ke Sultan HB X: MBG Bikin Panen Keracunan, Seolah-olah Hal Biasa",Date not found,https://republika.co.id/berita//t4rx2i291/butet-ke-sultan-hb-x-mbg-bikin-panen-keracunan-seolah-olah-hal-biasa
BGN Ingatkan Pengelola SPPG Wajib Patuhi SOP Pengolahan Makanan MBG,Date not found,https://republika.co.id/berita//t4qbos370/bgn-ingatkan-pengelola-sppg-wajib-patuhi-sop-pengolahan-makanan-mbg
Ahli Gizi: Dampak Program Makan Bergizi Gratis akan Terlihat Setelah Satu Tahun,Date not found,https://republika.co.id/berita//t4q4ud370/ahli-gizi-dampak-program-makan-bergizi-gratis-akan-terlihat-setelah-satu-tahun
"Ratusan Siswa di Tiga Sekolah Sleman Alami Keracunan, Diduga Usai Santap Menu MBG dari Satu SPPG",Date not found,https://republika.co.id/berita//t4orav291/ratusan-siswa-di-tiga-sekolah-sleman-alami-keracunan-diduga-usai-santap-menu-mbg-dari-satu-sppg
Momen Ibu Negara Brasil Lihat Langsung Pelaksanaan Program MBG di Jakarta,Date not found,https://republika.co.id/berita//t4n9sg375/momen-ibu-negara-brasil-lihat-langsung-pelaksanaan-program-mbg-di-jakarta
"Minta Dibawakan Kelengkeng, Momen Unik Ibu Negara Brasil di Dapur MBG Halim",Date not found,https://republika.co.id/berita//t4moxw527/minta-dibawakan-kelengkeng-momen-unik-ibu-negara-brasil-di-dapur-mbg-halim
"Pakar Kebijakan Publik: MBG Perlu Diperkuat Edukasi, Transparansi, dan Kualitas Gizi di Garis Depan",Date not found,https://republika.co.id/berita//t4m9lk291/pakar-kebijakan-publik-mbg-perlu-diperkuat-edukasi-transparansi-dan-kualitas-gizi-di-garis-depan
"Puluhan Siswa SMPN 1 Lembang Tumbang Usai Santap MBG, Sampel Langsung Dikirim ke Labkesda Jabar",Date not found,https://republika.co.id/berita//t4m7dc512/puluhan-siswa-smpn-1-lembang-tumbang-usai-santap-mbg-sampel-langsung-dikirim-ke-labkesda-jabar
"Lagi, Keracunan Terjadi Usai Konsumsi MBG di Bandung Barat Korban Puluhan Siswa",Date not found,https://republika.co.id/berita//t4l7g2512/lagi-keracunan-terjadi-usai-konsumsi-mbg-di-bandung-barat-korban-puluhan-siswa
BGN Wajibkan SPPG dengan Kondisi Ini Gunakan Air Galon untuk Masak Menu MBG,Date not found,https://republika.co.id/berita//t4ksxh409/bgn-wajibkan-sppg-dengan-kondisi-ini-gunakan-air-galon-untuk-masak-menu-mbg
"BGN: SPPG Dibagi TigaShift, tidak Boleh Memasak Menu MBG Sebelum Jam 12 Malam",Date not found,https://republika.co.id/berita//t4kscy409/bgn-sppg-dibagi-tiga-shift-tidak-boleh-memasak-menu-mbg-sebelum-jam-12-malam
"Keracunan MBG Berulang, Pemkab Bandung Barat Targetkan Seluruh SPPG Punya SLHS Akhir Tahun",Date not found,https://republika.co.id/berita//t4kpjs512/keracunan-mbg-berulang-pemkab-bandung-barat-targetkan-seluruh-sppg-punya-slhs-akhir-tahun
Agenda Presiden Brasil: Bertemu Prabowo di Istana dan Tinjau Program MBG,Date not found,https://republika.co.id/berita//t4k3s9484/agenda-presiden-brasil-bertemu-prabowo-di-istana-dan-tinjau-program-mbg
CSIS Soroti Sentralisasi dan Pendanaan Program Makan Bergizi Gratis,Date not found,https://republika.co.id/berita//t4j6lm370/csis-soroti-sentralisasi-dan-pendanaan-program-makan-bergizi-gratis
"Dukung MBG, Muhammadiyah Kembangkan 5 Model SPPG",Date not found,https://republika.co.id/berita//t4isr3458/dukung-mbg-muhammadiyah-kembangkan-5-model-sppg
"Zulhas Targetkan 82,9 Juta Penerima Program MBG Tercapai Maret 2026",Date not found,https://republika.co.id/berita//t4h4yy416/zulhas-targetkan-829-juta-penerima-program-mbg-tercapai-maret-2026
BGN Tutup 112 Dapur Program MBG karena Langgar SOP,Date not found,https://republika.co.id/berita//t4h4fo416/bgn-tutup-112-dapur-program-mbg%c2%a0karena-langgar-sop
BGN akan Terapkan Rapid Test Makanan MBG di Sekolah,Date not found,https://republika.co.id/berita//t4h1jg487/bgn-akan-terapkan-rapid-test-makanan-mbg-di-sekolah
"Perpres Tata Kelola MBG, SPPG Dilarang Masak Mulai Pukul 00.00",Date not found,https://republika.co.id/berita//t4h122484/perpres-tata-kelola-mbg-sppg-dilarang-masak-mulai-pukul-00-00
Program MBG Dongkrak Omzet Perajin Tempe Rumahan,Date not found,https://republika.co.id/berita//t4gif7375/program-mbg-dongkrak-omzet-perajin-tempe-rumahan
"Satu Tahun Pemerintahan Prabowo-Gibran, BEM UI Suarakan 8 Tuntutan, Sindir MBG Hingga Magang",Date not found,https://republika.co.id/berita//t4fdqg377/satu-tahun-pemerintahan-prabowo-gibran-bem-ui-suarakan-8-tuntutan-sindir-mbg-hingga-magang
Krakatau Steel dan Coopmura Kolaborasi Bangun Dapur MBG Modular di Daerah Terpencil,Date not found,https://republika.co.id/berita//t4fc9u522/krakatau-steel-dan-coopmura-kolaborasi-bangun-dapur-mbg-modular-di-daerah-terpencil
"Mengawal Niat Mulia MBG, Ketika Gizi tak Boleh Ditukar Tragedi",Date not found,https://republika.co.id/berita//t4dtm3425/mengawal-niat-mulia-mbg-ketika-gizi-tak-boleh-ditukar-tragedi
Menyempurnakan MBG dengan Memperkuat Pengawasan,Date not found,https://republika.co.id/berita//t4dxcj487/menyempurnakan-mbg-dengan-memperkuat-pengawasan
"84 Persen Publik Nilai Pajak Pemerintah Berat, Celios: Daya Beli Tertekan",Date not found,https://republika.co.id/berita//t4dtcm370/84-persen-publik-nilai-pajak-pemerintah-berat-celios-daya-beli-tertekan
"Soal Kasus Keracunan di MBG, Prabowo: Masih dalamCorridor of Error",Date not found,https://republika.co.id/berita//t4cp0o377/soal-kasus-keracunan-di-mbg-prabowo-masih-dalam-corridor-of-error
"Keracunan karena MBG di Bandung Barat Terus Berulang, Ini Permintaan Bupati Jeje ke BGN",Date not found,https://republika.co.id/berita//t4c3v2512/keracunan-karena-mbg-di-bandung-barat-terus-berulang-ini-permintaan-bupati-jeje-ke-bgn
"1.000 Siswa Keracunan MBG, BGN: SPPG di Bandung Barat Langgar SOP",Date not found,https://republika.co.id/berita//t4btas282/1-000-siswa-keracunan-mbg-bgn-sppg-di-bandung-barat-langgar-sop
"Keracunan MBG Berulang, Komisi V DPRD Jabar Sarankan Hal ini",Date not found,https://republika.co.id/berita//t4bpwx512/keracunan-mbg-berulang-komisi-v-dprd-jabar-sarankan-hal-ini
President Prabowo Commits to Perfecting MBG Program,Date not found,https://republika.co.id/berita//t4bivp415/president-prabowo-commits-to-perfecting-mbg-program
Prabowo Puji Kepala BGN Kembalikan Anggaran MBG Rp70 Triliun,Date not found,https://republika.co.id/berita//t4bhlz423/prabowo-puji-kepala-bgn-kembalikan-anggaran-mbg-rp70-triliun
Presiden Prabowo Komitmen Sempurnakan Program MBG,Date not found,https://republika.co.id/berita//t4bf1r484/presiden-prabowo-komitmen-sempurnakan-program-mbg
Dinkes Ngawi Ungkap Dua Menu Ini Diduga Jadi Penyebab Keracunan MBG Siswa SMKN 1,Date not found,https://republika.co.id/berita//t4a2rf409/dinkes-ngawi-ungkap-dua-menu-ini-diduga-jadi-penyebab-keracunan-mbg-siswa-smkn-1
Cerita Siswa SMAN 1 Yogyakarta Trauma Usai Keracunan Massal MBG,Date not found,https://republika.co.id/berita//t49qz1282/cerita-siswa-sman-1-yogyakarta-trauma-usai-keracunan-massal-mbg
Guru SMAN 2 Karanganyar Gunakan Aplikasi untuk Deteksi Kelayakan MBG,Date not found,https://republika.co.id/berita//t49mb7375/guru-sman-2-karanganyar-gunakan-aplikasi-untuk-deteksi-kelayakan-mbg
"MBG Dinilai Program Penting untuk Perkuat Gizi Anak Bangsa, Bukan Sekadar Bisnis",Date not found,https://republika.co.id/berita//t48ew6320/mbg-dinilai-program-penting-untuk-perkuat-gizi-anak-bangsa-bukan-sekadar-bisnis
"Kasus Keracunan MBG Kembali Terjadi, 426 Siswa SMAN 1 Yogyakarta Jadi Korban",Date not found,https://republika.co.id/berita//t47vvo291/kasus-keracunan-mbg-kembali-terjadi-426-siswa-sman-1-yogyakarta-jadi-korban
"Keracunan MBG yang Tumbangkan Ratusan Siswa di Bandung Barat Mereda, Jeje: Tersisa 50 Siswa",Date not found,https://republika.co.id/berita//t47qb7512/keracunan-mbg-yang-tumbangkan-ratusan-siswa-di-bandung-barat-mereda-jeje-tersisa-50-siswa
Pemkab Bandung Barat Bakal Klaim Biaya Pengobatan Keracunan Massal MBG ke BGN,Date not found,https://republika.co.id/berita//t47jvd512/pemkab-bandung-barat-bakal-klaim-biaya-pengobatan-keracunan-massal-mbg-ke-bgn
INDEF Soroti Adopsi Prinsip Halal dalam Program MBG dan Kopdes Merah Putih,Date not found,https://republika.co.id/berita//t47gs3490/indef-soroti-adopsi-prinsip-halal-dalam-program-mbg-dan-kopdes-merah-putih
"Kasus Baru Dugaan Keracunan MBG Muncul Kembali di Bandung Barat, Dinkes: Gejala Klinisnya Sama",Date not found,https://republika.co.id/berita//t46h44512/kasus-baru-dugaan-keracunan-mbg-muncul-kembali-di-bandung-barat-dinkes-gejala-klinisnya-sama
Bupati Jeje Stop Sementara Operasional SPPG Pemasok Menu MBG yang Buat Ratusan Siswa Keracunan,Date not found,https://republika.co.id/berita//t46dcz512/bupati-jeje-stop-sementara-operasional-sppg-pemasok-menu-mbg-yang-buat-ratusan-siswa-keracunan
Indef Ungkap Kasus Keracunan Massal Tingkatkan Sentimen Negatif pada Program MBG,Date not found,https://republika.co.id/berita//t46ckg490/indef-ungkap-kasus-keracunan-massal-tingkatkan-sentimen-negatif-pada-program-mbg
KPK Mulai Kaji dan Soroti MBG,Date not found,https://republika.co.id/berita//t4689k393/kpk-mulai-kaji-dan-soroti-mbg
Korban Keracunan MBG di Cisarua Bandung Capai 345 Orang,Date not found,https://republika.co.id/berita//t4686w375/korban-keracunan-mbg-di-cisarua-bandung-capai-345-orang
"Harga Telur dan Ayam Melonjak, Pedagang Sebut Akibat MBG",Date not found,https://republika.co.id/berita//t465jb423/harga-telur-dan-ayam-melonjak-pedagang-sebut-akibat-mbg
"Ibu-Ibu Demo di Depan Kantor BGN, 'Program MBG Justru Timbulkan Berbagai Krisis'",Date not found,https://republika.co.id/berita//t45yk9409/ibu-ibu-demo-di-depan-kantor-bgn-program-mbg-justru-timbulkan-berbagai-krisis
"Ibu-ibu Suarakan Keresahan MBG, Gelar 'Piknik' di Depan Kantor Badan Gizi Nasional",Date not found,https://republika.co.id/berita//t45ye4425/ibu-ibu-suarakan-keresahan-mbg-gelar-piknik-di-depan-kantor-badan-gizi-nasional
"Data Terbaru, Siswa dan Guru yang Tumbang Usai Konsumsi MBG di Bandung Barat Tembus 300 Lebih",Date not found,https://republika.co.id/berita//t45vzf512/data-terbaru-siswa-dan-guru-yang-tumbang-usai-konsumsi-mbg-di-bandung-barat-tembus-300-lebih
"Ibu-Ibu Geruduk Kantor BGN, Desak Program MBG Dihentikan",Date not found,https://republika.co.id/berita//t45vp4484/ibu-ibu-geruduk-kantor-bgn-desak-program-mbg-dihentikan
"Usai Konsumsi MBG, Guru di Bandung Barat Ikut Tumbang jadi Korban Keracunan",Date not found,https://republika.co.id/berita//t45t50512/usai-konsumsi-mbg-guru-di-bandung-barat-ikut-tumbang-jadi-korban-keracunan
Polres Indramayu dan RSBI Uji Keamanan Pangan Program MBG,Date not found,https://republika.co.id/berita//t45suf512/polres-indramayu-dan-rsbi-uji-keamanan-pangan-program-mbg
"Keracunan MBG di Bandung Barat Meluas, Giliran Siswa SD dan SMK Bertumbangan",Date not found,https://republika.co.id/berita//t45lxq512/keracunan-mbg-di-bandung-barat-meluas-giliran-siswa-sd-dan-smk-bertumbangan
"Keracunan Massal Usai Santap Menu MBG, Siswa SMPN 1 Cisarua Belajar di Rumah",Date not found,https://republika.co.id/berita//t45lff512/keracunan-massal-usai-santap-menu-mbg-siswa-smpn-1-cisarua-belajar-di-rumah
Jumlah Keracunan Konsumsi MBG di Bandung Barat Sudah Lebih dari 130 Orang,Date not found,https://republika.co.id/berita//t45kqs512/jumlah-keracunan-konsumsi-mbg-di-bandung-barat-sudah-lebih-dari-130-orang
Wakil Kepala BGN Ceritakan Awal Mula Prabowo Menggagas MBG pada 2012,Date not found,https://republika.co.id/berita//t45itb487/wakil-kepala-bgn-ceritakan-awal-mula-prabowo-menggagas-mbg-pada-2012
Wakil Kepala BGN: Program Makan Bergizi Gratis Bukan untuk Bisnis,Date not found,https://republika.co.id/berita//t45ipo370/wakil-kepala-bgn-program-makan-bergizi-gratis-bukan-untuk-bisnis
"Soal Menu MBG yang Diduga jadi Biangkerok Keracunan, Ini Kata Siswa dan SMPN 1 Cisarua",Date not found,https://republika.co.id/berita//t44mgb512/soal-menu-mbg-yang-diduga-jadi-biangkerok-keracunan-ini-kata-siswa-dan-smpn-1-cisarua
"Keracunan MBG Jadi Alarm, 1.000 Penjamah Pangan di DIY Dilatih Tekan KLB",Date not found,https://republika.co.id/berita//t44k1k291/keracunan-mbg-jadi-alarm-1-000-penjamah-pangan-di-diy-dilatih-tekan-klb
"Realisasi Anggaran MBG Hingga 3 Oktober 2025 Capai Rp 20,6 Triliun",Date not found,https://republika.co.id/berita//t44i5n430/realisasi-anggaran-mbg-hingga-3-oktober-2025-capai-rp-206-triliun%c2%a0
"Lagi, Siswa di Bandung Barat Diduga Keracunan Usai Konsumsi MBG",Date not found,https://republika.co.id/berita//t44gjt512/lagi-siswa-di-bandung-barat-diduga-keracunan-usai-konsumsi-mbg
"Keracunan MBG, Puluhan Siswa SMPN 1 Cisarua Bandung Barat Terbaring Lemas",Date not found,https://republika.co.id/berita//t44ca8375/keracunan-mbg-puluhan-siswa-smpn-1-cisarua-bandung-barat-terbaring-lemas
"Keracunan MBG Jadi Alarm, 1.000 Penjamah Pangan di DIY Dilatih untuk Tekan KLB",Date not found,https://republika.co.id/berita//t44b58282/keracunan-mbg-jadi-alarm-1-000-penjamah-pangan-di-diy-dilatih-untuk-tekan-klb
Pemkot Bandung Berencana Bentuk Satgas MBG,Date not found,https://republika.co.id/berita//t449r4472/pemkot-bandung-berencana-bentuk-satgas-mbg
"Kasus Keracunan Massal MBG, Pakar UMJ Soroti Pengawasan Gizi dan Keamanan Pangan",Date not found,https://republika.co.id/berita//t43te7368/kasus-keracunan-massal-mbg-pakar-umj-soroti-pengawasan-gizi-dan-keamanan-pangan
"Puluhan Siswa SMP di Tulungagung Diduga Keracunan MBG, 4 Orang Dirujuk ke Rumah Sakit",Date not found,https://republika.co.id/berita//t42b3a487/puluhan-siswa-smp-di-tulungagung-diduga-keracunan-mbg-4-orang-dirujuk-ke-rumah-sakit
"Heboh Dugaan Pungli MBG untuk Ibu Hamil dan Menyusui di Tasikmalaya, Ini Penjelasan Wali Kota",Date not found,https://republika.co.id/berita//t41zga512/heboh-dugaan-pungli-mbg-untuk-ibu-hamil-dan-menyusui-di-tasikmalaya-ini-penjelasan-wali-kota
"Heboh Dugaan Pungli MBG untuk Ibu Hamil dan Menyusui di Tasikmalaya, Ini Penjelasannya",Date not found,https://republika.co.id/berita//t41zam487/heboh-dugaan-pungli-mbg-untuk-ibu-hamil-dan-menyusui-di-tasikmalaya-ini-penjelasannya
"Susu MBG, Sehatkan Anak Sekaligus Dorong Peternak Sapi Perah",Date not found,https://republika.co.id/berita//t41s4a484/susu-mbg-sehatkan-anak-sekaligus-dorong-peternak-sapi-perah
"Sukseskan MBG, TNI Kirim 34 Personel Ikut Pelatihan Manajeman Makanan Militer di Singapura",Date not found,https://republika.co.id/berita//t40pdd377/sukseskan-mbg-tni-kirim-34-personel-ikut-pelatihan-manajeman-makanan-militer-di-singapura
Tim Pakar BGN Tegaskan Susu dalam MBG Hasil Kajian Ilmiah,Date not found,https://republika.co.id/berita//t40hhm377/tim-pakar-bgn-tegaskan-susu-dalam-mbg-hasil-kajian-ilmiah
Tim Pakar BGN Tegaskan Susu MBG Sesuai Standar BPOM,Date not found,https://republika.co.id/berita//t40cjs425/tim-pakar-bgn-tegaskan-susu-mbg-sesuai-standar-bpom
"2 Dapur MBG Ini Positif Tercemar Bakteri, Operasional Disetop Sementara",Date not found,https://republika.co.id/berita//t3ydks458/2-dapur-mbg-ini-positif-tercemar-bakteri-operasional-disetop-sementara
Bupati Bandung Berharap KMP Persiapkan Kebutuhan MBG,Date not found,https://republika.co.id/berita//t3wqhf368/bupati-bandung-berharap-kmp-persiapkan-kebutuhan-mbg
Menata Ulang Komunikasi MBG,Date not found,https://republika.co.id/berita//t3u60n282/menata-ulang-komunikasi-mbg
"Ketum Pinsar Singgih Januratmoko: Kenaikan Harga Ayam Wajar, Bukan Akibat MBG",Date not found,https://republika.co.id/berita//t3tbk4320/ketum-pinsar-singgih-januratmoko-kenaikan-harga-ayam-wajar-bukan-akibat-mbg
Menyoal MBG untuk Membangun Generasi Unggul,Date not found,https://republika.co.id/berita//t3shze451/menyoal-mbg-untuk-membangun-generasi-unggul
Kepala BGN Endus Harga Ayam dan Telur Naik Dampak Program MBG,Date not found,https://republika.co.id/berita//t3rbar484/kepala-bgn-endus-harga-ayam-dan-telur-naik-dampak-program-mbg%c2%a0
Kepala BGN Endus Harga Ayam dan Telur Naik Dampak Program MBG,Date not found,https://republika.co.id/berita//t3rb7j484/kepala-bgn-endus-harga-ayam-dan-telur-naik-dampak-program-mbg%c2%a0
Peneliti Indikator: MBG Cerminkan Visi Besar Presiden Prabowo,Date not found,https://republika.co.id/berita//t3rato451/peneliti-indikator-mbg-cerminkan-visi-besar-presiden-prabowo
Mengapa Pemerintah Enggan Berikan Anggaran MBG Langsung ke Orang Tua Murid? Ini Jawaban Kepala BGN,Date not found,https://republika.co.id/berita//t3r7nz487/mengapa-pemerintah-enggan-berikan-anggaran-mbg-langsung-ke-orang-tua-murid-ini-jawaban-kepala-bgn
Kang DS Dorong Sinergi Koperasi Merah Putih dan Program MBG : Peluang Rp 15 Triliun,Date not found,https://republika.co.id/berita//t3qwg9472/kang-ds-dorong-sinergi-koperasi-merah-putih-dan-program-mbg-peluang-rp-15-triliun
"Pastikan Keamanan Pangan, Gubernur Jateng Minta Pengawasan MBG Diperketat",Date not found,https://republika.co.id/berita//t3pkkf291/pastikan-keamanan-pangan-gubernur-jateng-minta-pengawasan-mbg-diperketat
BPJPH PastikanFood TrayMBG Sudah Halal,Date not found,https://republika.co.id/berita//t3pbg3313/bpjph-pastikan-food-tray-mbg-sudah-halal
"Usai Kunjungan ke China, Babe Haikal:NggakAda Nampan MBG Mengandung Minyak Babi",Date not found,https://republika.co.id/berita//t3p7we483/usai-kunjungan-ke-china-babe-haikal-nggak-ada-nampan-mbg-mengandung-minyak-babi
LKMI Nilai Program MBG dapat Penuhi Gizi Seimbang,Date not found,https://republika.co.id/berita//t3os66430/lkmi-nilai-program-mbg-dapat-penuhi-gizi-seimbang
Ahli Pangan Beri Tips Kurangi Risiko Keracunan MBG,Date not found,https://republika.co.id/berita//t3opv8328/ahli-pangan-beri-tips-kurangi-risiko-keracunan-mbg
Seskab Teddy Ungkap Prabowo Rapat Bahas MBG Hingga Bangunan Ponpes,Date not found,https://republika.co.id/berita//t3om1d484/seskab-teddy-ungkap-prabowo-rapat-bahas-mbg-hingga-bangunan-ponpes
Pemuda Lumajang Ubah Limbah MBG Jadi Produk Ramah Lingkungan,Date not found,https://republika.co.id/berita//t3ny8g423/pemuda-lumajang-ubah-limbah-mbg-jadi-produk-ramah-lingkungan
Benarkah Program MBG Picu Lonjakan Harga Ayam Potong? Ini Analisis Ekonom,Date not found,https://republika.co.id/berita//t3ncvc409/benarkah-program-mbg-picu-lonjakan-harga-ayam-potong-ini-analisis-ekonom
Ekonom Bantah Tudingan MBG Sebabkan Kenaikan Harga Ayam,Date not found,https://republika.co.id/berita//t3n8jp328/ekonom-bantah-tudingan-mbg-sebabkan-kenaikan-harga-ayam
"Jabar Punya 2.600 Dapur MBG, Berapa yang Sudah Kantongi Sertifikat Laik Higiene dan Sanitasi?",Date not found,https://republika.co.id/berita//t3m5qd282/jabar-punya-2-600-dapur-mbg-berapa-yang-sudah-kantongi-sertifikat-laik-higiene-dan-sanitasi
Berapa Banyak Dapur MBG di Jabar yang Sudah Miliki SLHS? Ini Jawaban BGN,Date not found,https://republika.co.id/berita//t3m3rj487/berapa-banyak-dapur-mbg-di-jabar-yang-sudah-miliki-slhs-ini-jawaban-bgn
BGN Angkat Suara Soal Dapur MBG yang Disetop Sementara,Date not found,https://republika.co.id/berita//t3lvrh458/bgn-angkat-suara-soal-dapur-mbg-yang-disetop-sementara
Deteksi Makanan tak Aman MBG Dinilai Jangan Dibebankan ke Siswa,Date not found,https://republika.co.id/berita//t3lrch425/deteksi-makanan-tak-aman-mbg-dinilai-jangan-dibebankan-ke-siswa
BGN Simpulkan Senyawa Ini Jadi Pemicu Keracunan MBG di Bandung Barat,Date not found,https://republika.co.id/berita//t3lo25487/bgn-simpulkan-senyawa-ini-jadi-pemicu-keracunan-mbg-di-bandung-barat
"Kasus Keracunan MBG di Jakarta Terjadi di 10 Lokasi, Pemicunya Bakteri",Date not found,https://republika.co.id/berita//t3lizi484/kasus-keracunan-mbg-di-jakarta-terjadi-di-10-lokasi-pemicunya-bakteri
Dinkes Jakarta Percepat Sertifikasi Dapur MBG,Date not found,https://republika.co.id/berita//t3lh3l458/dinkes-jakarta-percepat-sertifikasi-dapur-mbg
Ada SPPG di Jakarta tak Jalankan Standar Prosedur Saat Distribusikan MBG,Date not found,https://republika.co.id/berita//t3l76d377/ada-sppg-di-jakarta-tak-jalankan-standar-prosedur-saat-distribusikan-mbg
Ketua DEN: 380 Ribu Lapangan Kerja Tercipta dari Program MBG,Date not found,https://republika.co.id/berita//t3kehu484/ketua-den-380-ribu-lapangan-kerja-tercipta-dari-program-mbg
Satgas MBG Ungkap Dugaan Penyebab Keracunan Ratusan Siswa di Garut,Date not found,https://republika.co.id/berita//t3ka8m409/satgas-mbg-ungkap-dugaan-penyebab-keracunan-ratusan-siswa-di-garut
Polisi Selidiki Kasus Keracunan MBG 16 Siswa di Ciamis,Date not found,https://republika.co.id/berita//t3k74f375/polisi-selidiki-kasus-keracunan-mbg-16-siswa-di-ciamis
"Siswa di Luragung Diduga Keracunan Massal, Bupati Dian Hentikan Sementara Dapur MBG",Date not found,https://republika.co.id/berita//t3k6mp512/siswa-di-luragung-diduga-keracunan-massal-bupati-dian-hentikan-sementara-dapur-mbg
"Luhut Tolak Program MBG Dihentikan: Kita Perbaiki, Jangan Terus Pesimis",Date not found,https://republika.co.id/berita//t3k5nc484/luhut-tolak-program-mbg-dihentikan-kita-perbaiki-jangan-terus-pesimis
"20 Siswa di Semarang Diduga Keracunan, Kadinkes: Analisis Saya Akibat Efek Berita MBG",Date not found,https://republika.co.id/berita//t3k2t7282/20-siswa-di-semarang-diduga-keracunan-kadinkes-analisis-saya-akibat-efek-berita-mbg
Puding Basi dari MBG Diduga Bikin 20 Siswa SDN Ungaran Semarang Keracunan,Date not found,https://republika.co.id/berita//t3k1ve282/puding-basi-dari-mbg-diduga-bikin-20-siswa-sdn-ungaran-semarang-keracunan
Luhut Klaim Sinkronisasi Data Bansos dan Program MBG Makin Akurat,Date not found,https://republika.co.id/berita//t3k0yu484/luhut-klaim-sinkronisasi-data-bansos-dan-program-mbg-makin-akurat
"Diduga Keracunan MBG, Puluhan Siswa SMA di Kuningan Dilarikan ke Puskesmas",Date not found,https://republika.co.id/berita//t3jza1512/diduga-keracunan-mbg-puluhan-siswa-sma-di-kuningan-dilarikan-ke-puskesmas
"Terungkap Penyebab Keracunan MBG di Bandung, BGN: Kandungan Nitrit Tinggi di Melon dan Lotek",Date not found,https://republika.co.id/berita//t3jxqu502/terungkap-penyebab-keracunan-mbg-di-bandung-bgn-kandungan-nitrit-tinggi-di-melon-dan-lotek
Realisasi Serapan Anggaran MBG hingga September 2025 Capai Rp20 Triliun,Date not found,https://republika.co.id/berita//t3jx8j423/realisasi-serapan-anggaran-mbg-hingga-september-2025-capai-rp20-triliun
BGN Klaim Insiden Keracunan Program Serupa MBG Juga Terjadi di AS dan Brasil,Date not found,https://republika.co.id/berita//t3jwd2487/bgn-klaim-insiden-keracunan-program-serupa-mbg-juga-terjadi-di-as-dan-brasil
Bupati Lampung Barat Minta Siswa Berani Tolak MBG Jika tak Layak,Date not found,https://republika.co.id/berita//t3juve409/bupati-lampung-barat-minta-siswa-berani-tolak-mbg-jika-tak-layak
YIPB dan Grab-OVO Awasi Program MBG Swasta di Sekolah Khusus Banten,Date not found,https://republika.co.id/berita//t3joq0366/yipb-dan-grab-ovo-awasi-program-mbg-swasta-di-sekolah-khusus-banten
"Marak Kasus Keracunan MBG, Pemprov Jakarta Temukan Ada SPPG tak Jalankan SOP",Date not found,https://republika.co.id/berita//t3jsqx487/marak-kasus-keracunan-mbg-pemprov-jakarta-temukan-ada-sppg-tak-jalankan-sop
Korban Keracunan MBG di Agam Sumbar Capai 119 Orang,Date not found,https://republika.co.id/berita//t3jq7x487/korban-keracunan-mbg-di-agam-sumbar-capai-119-orang
"Sudah 1,3 Juta Ibu Hamil Hingga Balita Terima MBG",Date not found,https://republika.co.id/berita//t3ifsz425/sudah-13-juta-ibu-hamil-hingga-balita-terima-mbg
"Ukur Efektivitas MBG, Kemenkes Gelar Pemeriksaan Rutin Penerima Manfaat",Date not found,https://republika.co.id/berita//t3ie94484/ukur-efektivitas-mbg-kemenkes-gelar-pemeriksaan-rutin-penerima-manfaat
Polisi Selidiki Kasus Keracunan Massal Usai Konsumsi MBG di Bandung Barat,Date not found,https://republika.co.id/berita//t3ic9e512/polisi-selidiki-kasus-keracunan-massal-usai-konsumsi-mbg-di-bandung-barat
"Sempat Konsumsi Menu MBG, Petugas Medis Ungkap Kondisi Terakhir Bunga yang Meninggal Misterius",Date not found,https://republika.co.id/berita//t3ib75512/sempat-konsumsi-menu-mbg-petugas-medis-ungkap-kondisi-terakhir-bunga-yang-meninggal-misterius
Kemenkes Janji Tampilkan Update Informasi Keracunan Akibat MBG Setiap Hari,Date not found,https://republika.co.id/berita//t3i9ao487/kemenkes-janji-tampilkan-update-informasi-keracunan-akibat-mbg-setiap-hari
"Antisipasi Keracunan, Kemenkes Wajibkan Seluruh SPPG MBG Lolos Tiga Sertifikasi",Date not found,https://republika.co.id/berita//t3i8uq458/antisipasi-keracunan-kemenkes-wajibkan-seluruh-sppg-mbg-lolos-tiga-sertifikasi
Pemerintah Puji MBG di Kabupaten Bandung,Date not found,https://republika.co.id/berita//t3i7xl458/pemerintah-puji-mbg-di-kabupaten-bandung
Puding MBG Diduga Jadi Penyebab 20 Siswa SD Keracunan,Date not found,https://republika.co.id/berita//t3i6cb483/puding-mbg-diduga-jadi-penyebab-20-siswa-sd-keracunan
PGRI Semarang Tolak Wacana Guru Cicipi MBG Sebelum Dibagikan ke Siswa,Date not found,https://republika.co.id/berita//t3i4qg409/pgri-semarang-tolak-wacana-guru-cicipi-mbg-sebelum-dibagikan-ke-siswa
Korban Keracunan MBG di Agam Bertambah Jadi 110 Siswa,Date not found,https://republika.co.id/berita//t3i0to375/korban-keracunan-mbg-di-agam-bertambah-jadi-110-siswa
"MBG tak Disetop, Kepala BGN: Saya Diperintahkan Presiden untuk Percepatan, Banyak Anak Menanti",Date not found,https://republika.co.id/berita//t3hznz377/mbg-tak-disetop-kepala-bgn-saya-diperintahkan-presiden-untuk-percepatan-banyak-anak-menanti
BGN: Siswi di Bandung Meninggal Bukan karena Menyantap MBG,Date not found,https://republika.co.id/berita//t3hyru282/bgn-siswi-di-bandung-meninggal-bukan-karena-menyantap-mbg
BGN: Kematian Siswi di Bandung tak Terkait MBG,Date not found,https://republika.co.id/berita//t3hy5t377/bgn-kematian-siswi-di-bandung-tak-terkait-mbg
"Evaluasi Akhir Oktober, Tambahan Anggaran MBG Bergantung Serapan",Date not found,https://republika.co.id/berita//t3hy3r423/evaluasi-akhir-oktober-tambahan-anggaran-mbg-bergantung-serapan
FSGI: Korban Keracunan MBG Bisa Minta Ganti Rugi Kompensasi,Date not found,https://republika.co.id/berita//t3hx5f409/fsgi-korban-keracunan-mbg-bisa-minta-ganti-rugi-kompensasi
"Usai Kasus Keracunan Terjadi di Sejumlah Daerah, Pemprov Sultra Minta Pihak Sekolah Cicipi Dulu MBG",Date not found,https://republika.co.id/berita//t3hrps409/usai-kasus-keracunan-terjadi-di-sejumlah-daerah-pemprov-sultra-minta-pihak-sekolah-cicipi-dulu-mbg
BRIN Kembangkan Dua Inovasi Dukung Program MBG,Date not found,https://republika.co.id/berita//t3hbsu484/brin-kembangkan-dua-inovasi-dukung-program-mbg
Koalisi Sipil Demo: Jangan Jadikan Anak Indonesia Kelinci Percobaan MBG,Date not found,https://republika.co.id/berita//t3gmij484/koalisi-sipil-demo-jangan-jadikan-anak-indonesia-kelinci-percobaan-mbg
"Pastikan Bunga Meninggal Bukan karena Keracunan MBG, Dinkes KBB: Punya Asam Lambung",Date not found,https://republika.co.id/berita//t3gji9512/pastikan-bunga-meninggal-bukan-karena-keracunan-mbg-dinkes-kbb-punya-asam-lambung
Delapan Siswa MI di Pangandaran Diduga Alami Keracunan Usai Konsumsi MBG yang Baru Diluncurkan,Date not found,https://republika.co.id/berita//t3giil512/delapan-siswa-mi-di-pangandaran-diduga-alami-keracunan-usai-konsumsi-mbg-yang-baru-diluncurkan
Kemenkopolkam Usulkan Pemkab Bandung Jadi Percontohan Program MBG,Date not found,https://republika.co.id/berita//t3ghem472/kemenkopolkam-usulkan-pemkab-bandung-jadi-percontohan-program-mbg
"Wamenhan Serahkan 4,8 Juta Multivitamin Dukung Program MBG",Date not found,https://republika.co.id/berita//t3gd41484/wamenhan-serahkan-48-juta-multivitamin-dukung-program-mbg
Said Aqil Sirodj Institute Nilai MBG Membentuk Rantai Pasok Berbasis Ketahanan Pangan,Date not found,https://republika.co.id/berita//t3gbc3430/said-aqil-sirodj-institute-nilai-mbg-membentuk-rantai-pasok-berbasis-ketahanan-pangan
Korban Keracunan Diduga Akibat MBG di Garut Terus Bertambah Jadi 282 Orang,Date not found,https://republika.co.id/berita//t3gayy512/korban-keracunan-diduga-akibat-mbg-di-garut-terus-bertambah-jadi-282-orang
"Diminta Ikut Tanggung Jawab MBG, P2G: Tugas Guru Mengajar, Bukan Pertaruhkan Kesehatan",Date not found,https://republika.co.id/berita//t3g6e4377/diminta-ikut-tanggung-jawab-mbg-p2g-tugas-guru-mengajar-bukan-pertaruhkan-kesehatan
2 Cucu Mahfud MD Keracunan Makanan MBG di Yogyakarta,Date not found,https://republika.co.id/berita//t3g61t282/2-cucu-mahfud-md-keracunan-makanan-mbg-di-yogyakarta
Anggota DPR: Nama MBG Sebaiknya Diganti tanpa Kata 'Gratis',Date not found,https://republika.co.id/berita//t3g5a4377/anggota-dpr-nama-mbg-sebaiknya-diganti-tanpa-kata-gratis
Dedi Mulyadi Minta Lokasi Dapur MBG Berada di Sekolah,Date not found,https://republika.co.id/berita//t3g43h512/dedi-mulyadi-minta-lokasi-dapur-mbg-berada-di-sekolah
"Temuan Ombudsman: Ada SPPG Pakai Beras Medium Buat MBG, Padahal Kontraknya Premium",Date not found,https://republika.co.id/berita//t3g2pl377/temuan-ombudsman-ada-sppg-pakai-beras-medium-buat-mbg-padahal-kontraknya-premium
"Sempat Konsumsi MBG, Pelajar di Bandung Barat Meninggal Dunia, Ini Kronologinya",Date not found,https://republika.co.id/berita//t3fzqg512/sempat-konsumsi-mbg-pelajar-di-bandung-barat-meninggal-dunia-ini-kronologinya
"Ibu-Ibu Gelar Aksi Pukul Panci di Monas, Minta Program MBG Dievaluasi",Date not found,https://republika.co.id/berita//t3fyou375/ibu-ibu-gelar-aksi-pukul-panci-di-monas-minta-program-mbg-dievaluasi
"Dua Cucunya Keracunan MBG, Mahfud MD: Tata Kelolanya tak Jelas",Date not found,https://republika.co.id/berita//t3fyc5409/dua-cucunya-keracunan-mbg-mahfud-md-tata-kelolanya-tak-jelas
"Ditanya Kejadian Keracunan MBG di Jakarta, Pramono: Tanyakan Pemerintah Pusat",Date not found,https://republika.co.id/berita//t3fv80487/ditanya-kejadian-keracunan-mbg-di-jakarta-pramono-tanyakan-pemerintah-pusat
"Kepala BGN Ungkap Penyebab Utama Kasus Keracunan MBG, Ini Penjelasannya kepada DPR",Date not found,https://republika.co.id/berita//t3ft41409/kepala-bgn-ungkap-penyebab-utama-kasus-keracunan-mbg-ini-penjelasannya-kepada-dpr
"Ratusan Orang Keracunan Massal Diduga Akibat Konsumsi MBG, Garut Tetapkan KLB",Date not found,https://republika.co.id/berita//t3fnlp512/ratusan-orang-keracunan-massal-diduga-akibat-konsumsi-mbg-garut-tetapkan-klb
Ini Hasil Penyelidikan Sementara Dugaan Keracunan MBG Sejumlah Siswa di Karimun,Date not found,https://republika.co.id/berita//t3fkfn487/ini-hasil-penyelidikan-sementara-dugaan-keracunan-mbg-sejumlah-siswa-di-karimun
Dedi Mulyadi Minta Dapur MBG Berada di Sekolah,Date not found,https://republika.co.id/berita//t3fk5s377/dedi-mulyadi-minta-dapur-mbg-berada-di-sekolah
Garut Tetapkan KLB Usai 147 Orang Keracunan Massal Diduga Akibat Konsumsi MBG,Date not found,https://republika.co.id/berita//t3fio5377/garut-tetapkan-klb-usai-147-orang-keracunan-massal-diduga-akibat-konsumsi-mbg
"Siswa SD di Pasar Rebo Muntah-Muntah Usai Santap MBG, Kepsek: Ada Makanan Bau",Date not found,https://republika.co.id/berita//t3fcit377/siswa-sd-di-pasar-rebo-muntah-muntah-usai-santap-mbg-kepsek-ada-makanan-bau
"Wartawan Alami Kekerasan saat Liputan Program MBG, AJI Desak Polisi Tangkap Pelaku",Date not found,https://republika.co.id/berita//t3fa90348/wartawan-alami-kekerasan-saat-liputan-program-mbg-aji-desak-polisi-tangkap-pelaku
"Ombudsman Endus Permainan Harga Bahan Baku danFeeDapur MBG, Ini Penjelasannya",Date not found,https://republika.co.id/berita//t3eo0g409/ombudsman-endus-permainan-harga-bahan-baku-dan-fee-dapur-mbg-ini-penjelasannya
"Program MBG: Gizi untuk Anak, Cuan untuk Siapa?",Date not found,https://republika.co.id/berita//t3ej8n393/program-mbg-gizi-untuk-anak-cuan-untuk-siapa
MBG Watch Hadir Soroti Program Unggulan Prabowo dengan Data dan Grafik,Date not found,https://republika.co.id/berita//t3eles484/mbg-watch-hadir-soroti-program-unggulan-prabowo-dengan-data-dan-grafik
Ombudsman Temukan Titik Potensi Maladministrasi Pelaksanaan MBG,Date not found,https://republika.co.id/berita//t3ekj3377/ombudsman-temukan-titik-potensi-maladministrasi-pelaksanaan-mbg
"Sejumlah Pelajar Lombok Keracunan Usai Makan MBG, Polisi: Ditemukan Bakteri E Coli",Date not found,https://republika.co.id/berita//t3ejrf377/sejumlah-pelajar-lombok-keracunan-usai-makan-mbg-polisi-ditemukan-bakteri-e-coli
"Kasus Keracunan MBG di SDN 01 Pasar Rebo, Polisi Ungkap Kondisi Mi Goreng yang Disantap Siswa",Date not found,https://republika.co.id/berita//t3eiwd409/kasus-keracunan-mbg-di-sdn-01-pasar-rebo-polisi-ungkap-kondisi-mi-goreng-yang-disantap-siswa
Penyebab Makanan MBG Basi Hingga Sebabkan Keracunan Massal Diungkap Sultan HB X,Date not found,https://republika.co.id/berita//t3ei9p282/penyebab-makanan-mbg-basi-hingga-sebabkan-keracunan-massal-diungkap-sultan-hb-x
PBNU Komitmen Dukung Program MBG,Date not found,https://republika.co.id/berita//t3ega8430/pbnu-komitmen-dukung-program-mbg
Dedi Mulyadi Bakal Bentuk Satgas Layanan Pengaduan MBG,Date not found,https://republika.co.id/berita//t3efr6512/dedi-mulyadi-bakal-bentuk-satgas-layanan-pengaduan-mbg
Dedi Mulyadi Bakal Bentuk Satgas Layanan Pengaduan MBG,Date not found,https://republika.co.id/berita//t3efr4512/dedi-mulyadi-bakal-bentuk-satgas-layanan-pengaduan-mbg
"66 SPPG di Sleman Belum Kantongi SLHS, Banyak yang Buka Dapur MBG tanpa Pemberitahuan ke Pemda",Date not found,https://republika.co.id/berita//t3eeq2282/66-sppg-di-sleman-belum-kantongi-slhs-banyak-yang-buka-dapur-mbg-tanpa-pemberitahuan-ke-pemda
"Kasus Keracunan Terjadi di SDN 01 Jakarta Timur, Siswa Laporkan Mi dalam Menu MBG Bau",Date not found,https://republika.co.id/berita//t3edon409/kasus-keracunan-terjadi-di-sdn-01-jakarta-timur-siswa-laporkan-mi-dalam-menu-mbg-bau
"Kasus Keracunan MBG, DPR Hingga Komnas HAM Ingatkan Pengawasan BGN",Date not found,https://republika.co.id/berita//t3dxxe484/kasus-keracunan-mbg-dpr-hingga-komnas-ham-ingatkan-pengawasan-bgn
"BGN Nonaktifkan 56 Dapur MBG, Tunggu Hasil Uji BPOM",Date not found,https://republika.co.id/berita//t3dtgn370/bgn-nonaktifkan-56-dapur-mbg-tunggu-hasil-uji-bpom
BGN: Insentif Guru Penanggung Jawab MBG Rp 100 Ribu Cair 10 Hari Sekali,Date not found,https://republika.co.id/berita//t3dqj3487/bgn-insentif-guru-penanggung-jawab-mbg-rp-100-ribu-cair-10-hari-sekali
"Soal Dugaan Minyak Babi di Ompreng MBG, BGN Konsultasi ke Muhammadiyah",Date not found,https://republika.co.id/berita//t3dpdo458/soal-dugaan-minyak-babi-di-ompreng-mbg-bgn-konsultasi-ke-muhammadiyah
Guru Penanggung Jawab MBG di Sekolah Bakal Dapat Insentif Rp 100 Ribu per Hari,Date not found,https://republika.co.id/berita//t3dlev484/guru-penanggung-jawab-mbg-di-sekolah-bakal-dapat-insentif-rp-100-ribu-per-hari
Dedi Mulyadi Usulkan MBG di Jabar Dihentikan Sementara,Date not found,https://republika.co.id/berita//t3cujl512/dedi-mulyadi-usulkan-mbg-di-jabar-dihentikan-sementara
"Keracunan MBG Merebak, Pemkot Cimahi Bakal Kumpulkan Seluruh SPPG",Date not found,https://republika.co.id/berita//t3ctdh512/keracunan-mbg-merebak-pemkot-cimahi-bakal-kumpulkan-seluruh-sppg
"Trauma MBG, Siswa SMKN 1 Cihampelas Diizinkan Rehat Sementara Usai Keracunan",Date not found,https://republika.co.id/berita//t3cpq4512/trauma-mbg-siswa-smkn-1-cihampelas-diizinkan-rehat-sementara-usai-keracunan
"Respons Kasus Keracunan, Sekda Jateng: Kami Dulu Usulkan MBG Libatkan Kantin Sekolah",Date not found,https://republika.co.id/berita//t3cphe409/respons-kasus-keracunan-sekda-jateng-kami-dulu-usulkan-mbg-libatkan-kantin-sekolah
"Soal Nasib 85 SPPG di Bandung Barat Usai Keracunan Massal Menu MBG, Ini Kata Bupati Jeje",Date not found,https://republika.co.id/berita//t3cjwc512/soal-nasib-85-sppg-di-bandung-barat-usai-keracunan-massal-menu-mbg-ini-kata-bupati-jeje
"Buntut Kasus Dugaan Keracunan MBG, SPPG di Dua Kecamatan Banyumas di Nonaktifkan",Date not found,https://republika.co.id/berita//t3cjng282/buntut-kasus-dugaan-keracunan-mbg-sppg-di-dua-kecamatan-banyumas-di-nonaktifkan
"Presiden Prabowo: MBG Ciptakan 1,5 Juta Lapangan Kerja Baru",Date not found,https://republika.co.id/berita//t3cj52458/presiden-prabowo-mbg-ciptakan-15-juta-lapangan-kerja-baru
"Jeje Cabut Status KLB Keracunan MBG di Bandung Barat, Ini Alasannya",Date not found,https://republika.co.id/berita//t3ci70512/jeje-cabut-status-klb-keracunan-mbg-di-bandung-barat-ini-alasannya
Anggota Komisi IX DPR Mengaku Tahu Ada Pihak Penguasa Kuota MBG,Date not found,https://republika.co.id/berita//t3ci3z409/anggota-komisi-ix-dpr-mengaku-tahu-ada-pihak-penguasa-kuota-mbg
Polisi Perketat Pengawasan Pelaksanaan MBG di Jabar,Date not found,https://republika.co.id/berita//t3chru512/polisi-perketat-pengawasan-pelaksanaan-mbg-di-jabar
Puluhan Siswa SMP di Ciamis Diduga Alami Keracunan Usai Santap MBG,Date not found,https://republika.co.id/berita//t3chfx512/puluhan-siswa-smp-di-ciamis-diduga-alami-keracunan-usai-santap-mbg
"SPPG Panen Resto di Tulungagung Setop Beroperasi, Satgas MBG: Ada Masalah Internal",Date not found,https://republika.co.id/berita//t3chfi458/sppg-panen-resto-di-tulungagung-setop-beroperasi-satgas-mbg-ada-masalah-internal
"Antisipasi Kasus Keracunan, Orang Tua Siswa Bantu Pengecekan MBG di Sekolah",Date not found,https://republika.co.id/berita//t3chfi375/antisipasi-kasus-keracunan-orang-tua-siswa-bantu-pengecekan-mbg-di-sekolah
"Kronologi Pencabutan ID Pers Jurnalis CNN Usai Tanya Soal MBG ke Prabowo, Istana Hari Ini Minta Maaf",Date not found,https://republika.co.id/berita//t3cgdc409/kronologi-pencabutan-id-pers-jurnalis-cnn-usai-tanya-soal-mbg-ke-prabowo-istana-hari-ini-minta-maaf
Penanganan Pasien KLB MBG Ditanggung Penuh Pemerintah,Date not found,https://republika.co.id/berita//t3cfbx430/penanganan-pasien-klb-mbg-ditanggung-penuh-pemerintah
Polisi Perketat Pengawasan Pelaksanaan MBG di Jabar,Date not found,https://republika.co.id/berita//t3cf4i430/polisi-perketat-pengawasan-pelaksanaan-mbg-di-jabar
Guru dan Orangtua Siswa Minta Dedi Mulyadi Hentikan Sementara Program MBG di Jabar,Date not found,https://republika.co.id/berita//t3cclh512/guru-dan-orangtua-siswa-minta-dedi-mulyadi-hentikan-sementara-program-mbg-di-jabar
"SD Muhammadiyah 1 Surakarta Tolak MBG karena Punya Program Dapur Sehat, Ini Respons BGN",Date not found,https://republika.co.id/berita//t3ccbz409/sd-muhammadiyah-1-surakarta-tolak-mbg-karena-punya-program-dapur-sehat-ini-respons-bgn
"Cegah Keracunan MBG, Mendagri Instruksikan Dinkes hingga UKS Terlibat Pengecekan Makanan",Date not found,https://republika.co.id/berita//t3cbri487/cegah-keracunan-mbg-mendagri-instruksikan-dinkes-hingga-uks-terlibat-pengecekan-makanan
"JPPI Catat Lebih dari 8 Ribu Anak Keracunan MBG Hingga Akhir September, Jabar Terbanyak, Ini Datanya",Date not found,https://republika.co.id/berita//t3cbpm409/jppi-catat-lebih-dari-8-ribu-anak-keracunan-mbg-hingga-akhir-september-jabar-terbanyak-ini-datanya
"Sekarang 30 Juta, Prabowo Targetkan 82 Juta Penerima Mandat MBG",Date not found,https://republika.co.id/berita//t3cbll484/sekarang-30-juta-prabowo-targetkan-82-juta-penerima-mandat-mbg
"Kang DS Pastikan 1,263 Juta Penduduk Kabupaten Bandung Terima Manfaat MBG",Date not found,https://republika.co.id/berita//t3cbej472/kang-ds-pastikan-1263-juta-penduduk-kabupaten-bandung-terima-manfaat-mbg
Presiden Minta Dapur MBG Gunakan Alat Uji Makanan Sebelum Didistribusikan,Date not found,https://republika.co.id/berita//t3c9jk475/presiden-minta-dapur-mbg-gunakan-alat-uji-makanan-sebelum-didistribusikan
Presiden Prabowo Beri Arahan Teknis soal MBG,Date not found,https://republika.co.id/berita//t3c77t313/presiden-prabowo-beri-arahan-teknis-soal-mbg
"KLB MBG, Pemerintah Wajibkan SPPG Punya Sertifikat Higienis dan Sanitasi",Date not found,https://republika.co.id/berita//t3c5i8370/klb-mbg-pemerintah-wajibkan-sppg-punya-sertifikat-higienis-dan-sanitasi
"Prabowo Pimpin Rapat Evaluasi MBG di Kertanegara Ahad Malam, Ini Penjelasan Seskab Teddy",Date not found,https://republika.co.id/berita//t3bx31487/prabowo-pimpin-rapat-evaluasi-mbg-di-kertanegara-ahad-malam-ini-penjelasan-seskab-teddy
"ICMI Dukung Program MBG, Tekankan Perbaikan Prosedur Memasak Demi Jaminan Keamanan",Date not found,https://republika.co.id/berita//t3bv01368/icmi-dukung-program-mbg-tekankan-perbaikan-prosedur-memasak-demi-jaminan-keamanan
"Dapat WhatsApp Tengah Malam, Sekolah Sebut Program MBG di SMAN Kedungwaru Tulungagung Disetop",Date not found,https://republika.co.id/berita//t3buh4377/dapat-whatsapp-tengah-malam-sekolah-sebut-program-mbg-di-sman-kedungwaru-tulungagung-disetop
"Marak DugaanFood TrayMengandung Babi, Dapur MBG Dinilai Butuh Penyelia Halal",Date not found,https://republika.co.id/berita//t3bmen483/marak-dugaan-food-tray-mengandung-babi-dapur-mbg-dinilai-butuh-penyelia-halal
Several Ministers Held A Coordination Meeting to Discuss the MBG Poisoning Outbreak,Date not found,https://republika.co.id/berita//t3ar9k415/several-ministers-held-a-coordination-meeting-to-discuss-the-mbg-poisoning-outbreak
"Belajar dari Covid-19, Pemda Jadi Kunci Sukses Program MBG",Date not found,https://republika.co.id/berita//t3at7v484/belajar-dari-covid-19-pemda-jadi-kunci-sukses-program-mbg
Ahli Pangan Paparkan Kemungkinan Penyebab Terjadinya Keracunan Makanan MBG,Date not found,https://republika.co.id/berita//t3ap6f409/ahli-pangan-paparkan-kemungkinan-penyebab-terjadinya-keracunan-makanan-mbg
"Diperintah Prabowo, Sejumlah Menteri Rakor Bahas KLB Keracunan MBG",Date not found,https://republika.co.id/berita//t3alts484/diperintah-prabowo-sejumlah-menteri-rakor-bahas-klb-keracunan-mbg
"Dentuman Panci di Bundaran UGM, Ibu-Ibu Tuntut Setop Program MBG",Date not found,https://republika.co.id/berita//t3aj3t484/dentuman-panci-di-bundaran-ugm-ibu-ibu-tuntut-setop-program-mbg
"Soal Keracunan MBG, Cak Imin: Pemerintah tak akan Tutup Mata terhadap Kejadian ini",Date not found,https://republika.co.id/berita//t39qjy451/soal-keracunan-mbg-cak-imin-pemerintah-tak-akan-tutup-mata-terhadap-kejadian-ini
Berapa Keuntungan Pengusaha Dapur MBG? Begini Kata BGN,Date not found,https://republika.co.id/berita//t39pv0393/berapa-keuntungan-pengusaha-dapur-mbg-begini-kata-bgn
"Seribu Lebih Siswa Keracunan MBG di Bandung Barat, Ada Korban Sudah Sembuh Kambuh Lagi",Date not found,https://republika.co.id/berita//t396f7512/seribu-lebih-siswa-keracunan-mbg-di-bandung-barat-ada-korban-sudah-sembuh-kambuh-lagi
"Keracunan MBG Marak Terjadi di Sejumlah Sekolah Umum, Bagaimana di Madrasah?",Date not found,https://republika.co.id/berita//t39265320/keracunan-mbg-marak-terjadi-di-sejumlah-sekolah-umum-bagaimana-di-madrasah
"Sepekan Terakhir, Ratusan Siswa di Jateng Diduga Keracunan Program MBG",Date not found,https://republika.co.id/berita//t391tg423/sepekan-terakhir-ratusan-siswa-di-jateng-diduga-keracunan-program-mbg
"BGN Akui Lalai, Ada Dapur Masak MBG Malam untuk Besok Harinya",Date not found,https://republika.co.id/berita//t37x2a328/bgn-akui-lalai-ada-dapur-masak-mbg-malam-untuk-besok-harinya
"Labkesda Jabar Periksa 208 Sampel MBG, Ditemukan Bakteri Salmonella dan Bacilluscereus",Date not found,https://republika.co.id/berita//t37cz7487/labkesda-jabar-periksa-208-sampel-mbg-ditemukan-bakteri-salmonella-dan-bacilluscereus
"Kasus Keracunan MBG di Cipongkor, Tiga Dapur SPPG di Bandung Barat Ditutup Sementara",Date not found,https://republika.co.id/berita//t37bi9375/kasus-keracunan-mbg-di-cipongkor-tiga-dapur-sppg-di-bandung-barat-ditutup-sementara
Wakil Kepala BGN Ungkap Ada Politisi Minta Jatah Dapur MBG,Date not found,https://republika.co.id/berita//t37bv3487/wakil-kepala-bgn-ungkap-ada-politisi-minta-jatah-dapur-mbg
Infografis 70 Kasus MBG Sebabkan 6.000 Siswa Keracunan,Date not found,https://republika.co.id/berita//t3796c370/infografis-70-kasus-mbg-sebabkan-6-000-siswa-keracunan
"Bentuk Satgas MBG, Kuningan Waspadai Keracunan Makanan",Date not found,https://republika.co.id/berita//t374rf282/bentuk-satgas-mbg-kuningan-waspadai-keracunan-makanan
"Penyebab Keracunan MBG Bandung Barat, Ayam Dibeli Sabtu, Baru Dimasak Rabu",Date not found,https://republika.co.id/berita//t37423377/penyebab-keracunan-mbg-bandung-barat-ayam-dibeli-sabtu-baru-dimasak-rabu
"Menperin Tegaskan Food Tray MBG Wajib SNI Tahun Ini, Bebas Lartas dan Pertek",Date not found,https://republika.co.id/berita//t373v3349/menperin-tegaskan-food-tray-mbg-wajib-sni-tahun-ini-bebas-lartas-dan-pertek
SPPG Dilarang Berikan Produk Pabrikan untuk MBG Kecuali Susu,Date not found,https://republika.co.id/berita//t37369348/sppg-dilarang-berikan-produk-pabrikan-untuk-mbg-kecuali-susu
Mengurai Tahapan Produksi MBG di Dapur SPPG yang Disorot Usai Insiden Keracunan Ribuan Orang,Date not found,https://republika.co.id/berita//t372sq512/mengurai-tahapan-produksi-mbg-di-dapur-sppg-yang-disorot-usai-insiden-keracunan-ribuan-orang
"Marak Kasus Keracunan MBG, Menkeu Purbaya Malah Mau Tambah Anggaran BGN",Date not found,https://republika.co.id/berita//t372o3370/marak-kasus-keracunan-mbg-menkeu-purbaya-malah-mau-tambah-anggaran-bgn
"123 Siswa di Kebumen Diduga Keracunan MBG, 30 Siswa Jalani Rawat Inap",Date not found,https://republika.co.id/berita//t372ep282/123-siswa-di-kebumen-diduga-keracunan-mbg-30-siswa-jalani-rawat-inap
BGN Tutup 40 Dapur MBG karena tak Jalankan SOP dan Sebabkan Keracunan,Date not found,https://republika.co.id/berita//t3710i348/bgn-tutup-40-dapur-mbg-karena-tak-jalankan-sop-dan-sebabkan-keracunan
Mendagri Minta Pemda Jadi Garda Terdepan Hadapi Krisis MBG,Date not found,https://republika.co.id/berita//t36zlt484/mendagri-minta-pemda-jadi-garda-terdepan-hadapi-krisis-mbg
Sultan HB X Minta Kasus Keracunan MBG tak Terulang di DIY,Date not found,https://republika.co.id/berita//t36zfn291/sultan-hb-x-minta-kasus-keracunan-mbg-tak-terulang-di-diy
"Lebih dari 100 Siswa di Banyumas Diduga Keracunan MBG, Alami Mual, Pusing, dan Muntah",Date not found,https://republika.co.id/berita//t36ypa282/lebih-dari-100-siswa-di-banyumas-diduga-keracunan-mbg-alami-mual-pusing-dan-muntah
Program MBG di Banyumas Dihentikan Sementara Usai Ratusan Siswa Keracunan,Date not found,https://republika.co.id/berita//t36yfm282/program-mbg-di-banyumas-dihentikan-sementara-usai-ratusan-siswa-keracunan
"Seratusan Siswa Diduga Keracunan, Pelaksanaan MBG di Karanglewas Banyumas Dihentikan Sementara",Date not found,https://republika.co.id/berita//t36y25487/seratusan-siswa-diduga-keracunan-pelaksanaan-mbg-di-karanglewas-banyumas-dihentikan-sementara
Kapolri Pastikan Kepolisian Usut Kasus Keracunan MBG,Date not found,https://republika.co.id/berita//t36x6j487/kapolri-pastikan-kepolisian-usut-kasus-keracunan-mbg
"Setelah di Jawa Barat, Kini Muncul Dugaan Keracunan MBG di Banyumas, Jawa Tengah",Date not found,https://republika.co.id/berita//t36v6a377/setelah-di-jawa-barat-kini-muncul-dugaan-keracunan-mbg-di-banyumas-jawa-tengah
"Sambil Menangis, Wakil Kepala BGN Minta Maaf atas Maraknya Kasus Keracunan Akibat MBG",Date not found,https://republika.co.id/berita//t36v4x487/sambil-menangis-wakil-kepala-bgn-minta-maaf-atas-maraknya-kasus-keracunan-akibat-mbg
Kementerian Perindustrian Wajibkan SNI untuk Food Tray Program Makan Bergizi Gratis,Date not found,https://republika.co.id/berita//t36u47370/kementerian-perindustrian-wajibkan-sni-untuk-food-tray-program-makan-bergizi-gratis
"Keracunan Massal Akibat MBG di Jabar Meluas, dari Bandung ke Sumedang, Subang, Cianjur & Sukabumi",Date not found,https://republika.co.id/berita//t36o7j282/keracunan-massal-akibat-mbg-di-jabar-meluas-dari-bandung-ke-sumedang-subang-cianjur-sukabumi
"Cegah Kasus Keracunan, TNI Turun Tangan Awasi MBG dari Bahan Baku, Cara Masak Hingga Distribusi",Date not found,https://republika.co.id/berita//t36mt1377/cegah-kasus-keracunan-tni-turun-tangan-awasi-mbg-dari-bahan-baku-cara-masak-hingga-distribusi
"Siswa Keracunan Capai 70 Orang, Bupati Sumedang Hentikan Sementara Distribusi MBG di Ujungjaya",Date not found,https://republika.co.id/berita//t36e1j512/siswa-keracunan-capai-70-orang-bupati-sumedang-hentikan-sementara-distribusi-mbg-di-ujungjaya
YLKI Minta Pemprov Jakarta SediakanFood TrayMBG yang Terjamin Halal,Date not found,https://republika.co.id/berita//t369xu483/ylki-minta-pemprov-jakarta-sediakan-food-tray-mbg-yang-terjamin-halal
Keracunan MBG Jabar Meluas Hingga Sumedang dan Sukabumi,Date not found,https://republika.co.id/berita//t3678d393/keracunan-mbg-jabar-meluas-hingga-sumedang-dan-sukabumi
YLKI: Hentikan Sementara Program MBG Sebagai Jaminan Evaluasi Menyeluruh,Date not found,https://republika.co.id/berita//t35k6k409/ylki-hentikan-sementara-program-mbg-sebagai-jaminan-evaluasi-menyeluruh
BGN Respons Isu 5.000 Dapur Fiktif MBG,Date not found,https://republika.co.id/berita//t35hxd409/bgn-respons-isu-5-000-dapur-fiktif-mbg
Cerita Ibu Menyusui di KBB Keracunan Meski Hanya Makan Strawberry dan 5 Potong Tahu Menu MBG,Date not found,https://republika.co.id/berita//t35fsu512/cerita-ibu-menyusui-di-kbb-keracunan-meski-hanya-makan-strawberry-dan-5-potong-tahu-menu-mbg
"Dokter Anak: Guru Harus Buang MBG yang tak Layak Konsumsi, Jangan Disayang-sayang",Date not found,https://republika.co.id/berita//t35fbb282/dokter-anak-guru-harus-buang-mbg-yang-tak-layak-konsumsi-jangan-disayang-sayang
Sekolah JadiTumbalKemarahan Orang Tua di Bandung Barat Usai Siswanya Keracunan Massal MBG,Date not found,https://republika.co.id/berita//t35dcp512/sekolah-jadi-tumbal-kemarahan-orang-tua-di-bandung-barat-usai-siswanya-keracunan-massal-mbg
IDAI Serukan Penanganan Sistematis Atasi Keracunan MBG di Sekolah,Date not found,https://republika.co.id/berita//t358jo425/idai-serukan-penanganan-sistematis-atasi-keracunan-mbg-di-sekolah
"Antisipasi Keracunan Massal Akibat MBG Terulang, Wali Kota Farhan Minta Guru Pastikan Makanan Aman",Date not found,https://republika.co.id/berita//t357hx512/antisipasi-keracunan-massal-akibat-mbg-terulang-wali-kota-farhan-minta-guru-pastikan-makanan-aman
LSI Denny JA: Waspadai Tangan Jahil yang Ingin Rusak Program MBG,Date not found,https://republika.co.id/berita//t356w2318/lsi-denny-ja-waspadai-tangan-jahil-yang-ingin-rusak-program-mbg
Ekonom Usul MBG Diubah: Uang Tunai Langsung ke Orang Tua Siswa,Date not found,https://republika.co.id/berita//t356wf370/ekonom-usul-mbg-diubah-uang-tunai-langsung-ke-orang-tua-siswa
Mendagri Tito: Sinergi Pusat dan Pemba Kunci Sukses Program MBG,Date not found,https://republika.co.id/berita//t355ok484/mendagri-tito-sinergi-pusat-dan-pemba-kunci-sukses-program-mbg
"Dasco Minta Usut Menyeluruh Keracunan Usai Makan MBG,  Mana yang Kelalaian atau Mungkin Disengaja",Date not found,https://republika.co.id/berita//t3531e377/dasco-minta-usut-menyeluruh-keracunan-usai-makan-mbg-mana-yang-kelalaian-atau-mungkin-disengaja
"Cegah Keracunan, BGN Wajibkan Pemeriksaan Sampel Menu MBG di Kabupaten Tangerang",Date not found,https://republika.co.id/berita//t350rx370/cegah-keracunan-bgn-wajibkan-pemeriksaan-sampel-menu-mbg-di-kabupaten-tangerang
BGN Pastikan Tanggung Biaya Pengobatan Korban Keracunan MBG,Date not found,https://republika.co.id/berita//t350hf423/bgn-pastikan-tanggung-biaya-pengobatan-korban-keracunan-mbg
"Hiu Jadi Santapan MBG di Ketapang, Wakil BGN: Sesuai dengan Kearifan Lokal",Date not found,https://republika.co.id/berita//t34wvz377/hiu-jadi-santapan-mbg-di-ketapang-wakil-bgn-sesuai-dengan-kearifan-lokal
"Siswa Keracunan Usai Santap MBG, Kepsek SMK Cipongkor: Saya Jadi Sasaran Kemarahan Orang Tua",Date not found,https://republika.co.id/berita//t34vua377/siswa-keracunan-usai-santap-mbg-kepsek-smk-cipongkor-saya-jadi-sasaran-kemarahan-orang-tua
"Korban Keracunan MBG di Bandung Barat Tembus 300 Orang Lebih, Siswa PAUD Hingga SMA",Date not found,https://republika.co.id/berita//t34v2d282/korban-keracunan-mbg-di-bandung-barat-tembus-300-orang-lebih-siswa-paud-hingga-sma
Pecah! Siswa yang Tumbang Diduga Keracunan MBG di Bandung Barat Tembus 1.000 Lebih,Date not found,https://republika.co.id/berita//t34urv512/pecah-siswa-yang-tumbang-diduga-keracunan-mbg-di-bandung-barat-tembus-1-000-lebih
Sejumlah Sekolah di Cipongkor Bandung Barat Diliburkan Sementara Usai Siswa Bertumbangan karena MBG,Date not found,https://republika.co.id/berita//t34ubq512/sejumlah-sekolah-di-cipongkor-bandung-barat-diliburkan-sementara-usai-siswa-bertumbangan-karena-mbg
Wagub Jabar: Ada Kelalaian dalam Keracunan Massal Siswa Usai Santap MBG di Cipongkor,Date not found,https://republika.co.id/berita//t34sr1377/wagub-jabar-ada-kelalaian-dalam-keracunan-massal-siswa-usai-santap-mbg-di-cipongkor
Dedi Mulyadi Bakal Evaluasi Pelaksanaan MBG di Jabar,Date not found,https://republika.co.id/berita//t34sgh512/dedi-mulyadi-bakal-evaluasi-pelaksanaan-mbg-di-jabar
Akankah Setop Program MBG di Jabar? Dedi Mulyadi Panggil Kepala Program MBG,Date not found,https://republika.co.id/berita//t34rtv409/akankah-setop-program-mbg-di-jabar-dedi-mulyadi-panggil-kepala-program-mbg
"Buntut Keracunan Usiai Santap MBG, Sejumlah Sekolah di Cipongkor Diliburkan",Date not found,https://republika.co.id/berita//t34p8d377/buntut-keracunan-usiai-santap-mbg-sejumlah-sekolah-di-cipongkor-diliburkan
Pemerintah Tegaskan Program MBG tak akan Dihentikan Meski Muncul Desakan Usai Marak Kasus Keracunan,Date not found,https://republika.co.id/berita//t33ldi409/pemerintah-tegaskan-program-mbg-tak-akan-dihentikan-meski-muncul-desakan-usai-marak-kasus-keracunan
"Cerita Menegangkan Sopir Ambulans Antar Ratusan Korban Keracunan MBG di KBB, Nyaris Tabrakan",Date not found,https://republika.co.id/berita//t33hlm512/cerita-menegangkan-sopir-ambulans-antar-ratusan-korban-keracunan-mbg-di-kbb-nyaris-tabrakan
"Kasus Dugaan Keracunan MBG di Bandung Barat Meluas ke Kecamatan Cihampelas, Begini Kondisinya",Date not found,https://republika.co.id/berita//t33d9i512/kasus-dugaan-keracunan-mbg-di-bandung-barat-meluas-ke-kecamatan-cihampelas-begini-kondisinya
"Kesaksian Sopir Ambulans Antar Korban Keracunan Usai Santap MBG, Ada yang Nyaris Tabrakan",Date not found,https://republika.co.id/berita//t33ctp377/kesaksian-sopir-ambulans-antar-korban-keracunan-usai-santap-mbg-ada-yang-nyaris-tabrakan
"Siswa yang Keracunan Usai Santap MBG di Bandung Barat Nyaris 1.000 Orang, Tersebar di 3 Klaster",Date not found,https://republika.co.id/berita//t3396j512/siswa-yang-keracunan-usai-santap-mbg-di-bandung-barat-nyaris-1-000-orang-tersebar-di-3-klaster
"Nyaris 1.000 Siswa di Bandung Barat Tumbang Keracunan Usai Santap MBG, Tersebar di 3 Klaster",Date not found,https://republika.co.id/berita//t338vr377/nyaris-1-000-siswa-di-bandung-barat-tumbang-keracunan-usai-santap-mbg-tersebar-di-3-klaster
Detik-detik Kepanikan Siswa Korban Dugaan Keracunan Massal Menu MBG di Cipongkor Bandung Barat,Date not found,https://republika.co.id/berita//t338gc512/detik-detik-kepanikan-siswa-korban-dugaan-keracunan-massal-menu-mbg-di-cipongkor-bandung-barat
Kasus Dugaan Keracunan MBG di Bandung Barat Meluas ke Cihampelas,Date not found,https://republika.co.id/berita//t337n7377/kasus-dugaan-keracunan-mbg-di-bandung-barat-meluas-ke-cihampelas
Siswa yang Keracunan MBG di Bandung Barat Telah Mendapatkan Penanganan Medis,Date not found,https://republika.co.id/berita//t3376o370/siswa-yang-keracunan-mbg-di-bandung-barat-telah-mendapatkan-penanganan-medis
"Lebih dari 200 Murid, Paud Sampai SMA Cipongkor Keracunan Usai Makan MBG, Ini Kesaksian Siswa",Date not found,https://republika.co.id/berita//t334iw377/lebih-dari-200-murid-paud-sampai-sma-cipongkor-keracunan-usai-makan-mbg-ini-kesaksian-siswa
"Kasus Keracunan, Kepala BGN Instruksikan Evaluasi Pola Masak Program MBG",Date not found,https://republika.co.id/berita//t334dc370/kasus-keracunan-kepala-bgn-instruksikan-evaluasi-pola-masak-program-mbg
Begini Respons Menko PM Cak Imin terkait Banyaknya Kasus Keracunan MBG,Date not found,https://republika.co.id/berita//t333xr487/begini-respons-menko-pm-cak-imin-terkait-banyaknya-kasus-keracunan-mbg
"Belasan Korban Keracunan Massal MBG Masih Dirawat di RSUD Cililin, Begini Kondisinya",Date not found,https://republika.co.id/berita//t33399512/belasan-korban-keracunan-massal-mbg-masih-dirawat-di-rsud-cililin-begini-kondisinya
"Anggaran MBG tak Terserap Optimal, FSGI Usulkan untuk Peningkatan Kualitas Guru",Date not found,https://republika.co.id/berita//t332vw487/anggaran-mbg-tak-terserap-optimal-fsgi-usulkan-untuk-peningkatan-kualitas-guru
"Kasus Keracunan MBG di Jakarta Tiga Kali, Begini Tanggapan Pramono",Date not found,https://republika.co.id/berita//t332s4484/kasus-keracunan-mbg-di-jakarta-tiga-kali-begini-tanggapan-pramono
"Suasana Mencekam Keracunan MBG di KBB, Siswa Menangis Ambulans Bolak-balik Antar Pasien ke RS",Date not found,https://republika.co.id/berita//t332n8512/suasana-mencekam-keracunan-mbg-di-kbb-siswa-menangis-ambulans-bolak-balik-antar-pasien-ke-rs
"Puskesmas Cipongkor Mencekam, Siswa Menangis Diduga Keracunan MBG, Ambulans Bolak-balik Antar Pasien",Date not found,https://republika.co.id/berita//t33247377/puskesmas-cipongkor-mencekam-siswa-menangis-diduga-keracunan-mbg-ambulans-bolak-balik-antar-pasien
Banggar DPR Usulkan Tiga Skema Alternatif Program MBG,Date not found,https://republika.co.id/berita//t331g1490/banggar-dpr-usulkan-tiga-skema-alternatif-program-mbg
"Kasus Keracunan Terus Terjadi, Federasi Guru Usulkan Program MBG Dimoratorium",Date not found,https://republika.co.id/berita//t3301g487/kasus-keracunan-terus-terjadi-federasi-guru-usulkan-program-mbg-dimoratorium
Puan Maharani Minta Evaluasi Total Program Makan Bergizi Gratis Usai Kasus Keracunan,Date not found,https://republika.co.id/berita//t32yjq370/puan-maharani-minta-evaluasi-total-program-makan-bergizi-gratis-usai-kasus-keracunan
"Keracunan Siswa Usai Makan MBG di Bandung Barat Meluas ke Dapur SPPG Lain, Korban Terus Bertambah",Date not found,https://republika.co.id/berita//t32x6m512/keracunan-siswa-usai-makan-mbg-di-bandung-barat-meluas-ke-dapur-sppg-lain-korban-terus-bertambah
"Curhat Murid di Depok Soal Makanan MBG, Porsi Kurang Konsisten, Rasa Hambar Seperti di RS",Date not found,https://republika.co.id/berita//t32vh4377/curhat-murid-di-depok-soal-makanan-mbg-porsi-kurang-konsisten-rasa-hambar-seperti-di-rs
"Jumlah Korban Keracunan Usai Santap MBG di Bandung Barat Bertambah Jadi 411, Ini Gejalanya",Date not found,https://republika.co.id/berita//t32tph512/jumlah-korban-keracunan-usai-santap-mbg-di-bandung-barat-bertambah-jadi-411-ini-gejalanya
"Dari Ulat Sampai Serapan Anggaran, Ada Apa Dengan MBG?",Date not found,https://republika.co.id/berita//t32o79393/dari-ulat-sampai-serapan-anggaran-ada-apa-dengan-mbg
FSGI Usul Anggaran MBG tak Terserap Dialihkan untuk Pendidikan,Date not found,https://republika.co.id/berita//t32gss409/fsgi-usul-anggaran-mbg-tak-terserap-dialihkan-untuk-pendidikan
Presiden Prabowo Ingin Lakukan Pertemuan dengan Mitra MBG,Date not found,https://republika.co.id/berita//t31u55418/presiden-prabowo-ingin-lakukan-pertemuan-dengan-mitra-mbg
Komisi IX DPR Usul Dana MBG Diberikan Langsung ke Orang Tua,Date not found,https://republika.co.id/berita//t31qdv409/komisi-ix-dpr-usul-dana-mbg-diberikan-langsung-ke-orang-tua
"Program MBGTop Down, Pemda Minta Dilibatkan Pengawasan Gizi",Date not found,https://republika.co.id/berita//t31pm9484/program-mbg-top-down-pemda-minta-dilibatkan-pengawasan-gizi
Tujuh Siswa SMAN 15 Jakarta Alami Gejala Keracunan Usai Santap MBG,Date not found,https://republika.co.id/berita//t31pal484/tujuh-siswa-sman-15-jakarta-alami-gejala-keracunan-usai-santap-mbg
Pemkab Bandung Barat Perketat Pengawasan Cegah Keracunan MBG Terulang,Date not found,https://republika.co.id/berita//t31orl512/pemkab-bandung-barat-perketat-pengawasan-cegah-keracunan-mbg-terulang
"Bupati Sleman Kaget soal Surat Perjanjian MBG, Mengaku tak Pernah Dilibatkan",Date not found,https://republika.co.id/berita//t31oie282/bupati-sleman-kaget-soal-surat-perjanjian-mbg-mengaku-tak-pernah-dilibatkan
"Terungkap Survei Suara Anak-Anak Soal MBG: Banyak Makanan Diterima Sudah Rusak, Bau, dan Basi",Date not found,https://republika.co.id/berita//t31nlk409/terungkap-survei-suara-anak-anak-soal-mbg-banyak-makanan-diterima-sudah-rusak-bau-dan-basi
Pemkab Bandung Barat Tetapkan KLB Usai Ratusan Siswa Keracunan MBG,Date not found,https://republika.co.id/berita//t31m1z370/pemkab-bandung-barat-tetapkan-klb-usai-ratusan-siswa-keracunan-mbg
"Cek Keracunan Massal MBG di Bandung Barat, Kepala BGN Instruksikan Hal Ini",Date not found,https://republika.co.id/berita//t31f5e512/cek-keracunan-massal-mbg-di-bandung-barat-kepala-bgn-instruksikan-hal-ini
"Ada Potongan Semangka Setipis Kartu ATM, TII HitungPotential LostTiap SPPG MBG Rp1,8 M",Date not found,https://republika.co.id/berita//t31es9409/ada-potongan-semangka-setipis-kartu-atm-tii-hitung-potential-lost-tiap-sppg-mbg-rp18-m
"Ditetapkan KLB, Pemkab Bandung Barat Tanggung Biaya Pengobatan Korban Keracunan Massal MBG",Date not found,https://republika.co.id/berita//t31e8z512/ditetapkan-klb-pemkab-bandung-barat-tanggung-biaya-pengobatan-korban-keracunan-massal-mbg
Alasan Program MBG Dinilai Perlu Dihentikan Sementara,Date not found,https://republika.co.id/berita//t31e78409/alasan-program-mbg-dinilai-perlu-dihentikan-sementara
Korban Keracunan Usai Santap Menu MBG di Bandung Barat Tembus 325 Orang,Date not found,https://republika.co.id/berita//t31dr0512/korban-keracunan-usai-santap-menu-mbg-di-bandung-barat-tembus-325-orang
Program MBG Baru Serap Anggaran 18 Persen hingga Awal September 2025,Date not found,https://republika.co.id/berita//t31deh370/program-mbg-baru-serap-anggaran-18-persen-hingga-awal-september-2025
"Cerita Sekolah di Depok Penerima Program MBG, Pernah Dapat Makanan yang Ada Ulatnya",Date not found,https://republika.co.id/berita//t31de1487/cerita-sekolah-di-depok-penerima-program-mbg%c2%a0pernah-dapat-makanan-yang-ada-ulatnya
JPPI Ungkap Terjadi 6.452 Kasus Keracunan MBG Sejak Januari,Date not found,https://republika.co.id/berita//t317z9393/jppi-ungkap-terjadi%c2%a06-452-kasus-keracunan-mbg-sejak-januari
"Banyak Kasus Keracunan MBG, Legislator Komisi IX Dorong Presiden Prabowo Evaluasi Pengelola Dapur",Date not found,https://republika.co.id/berita//t3173n487/banyak-kasus-keracunan-mbg-legislator-komisi-ix-dorong-presiden-prabowo-evaluasi-pengelola-dapur
KLH Dorong Dapur MBG Bangun Instalasi Pengolahan Air Limbah,Date not found,https://republika.co.id/berita//t316nw416/klh-dorong-dapur-mbg-bangun-instalasi-pengolahan-air-limbah
"Kata Sekolah Mts di Depok Soal Menu MBG: Kalau Anak Biasa Makan Mecin, Pasti BilangEnggakEnak",Date not found,https://republika.co.id/berita//t3165m377/kata-sekolah-mts-di-depok-soal-menu-mbg-kalau-anak-biasa-makan-mecin-pasti-bilang-enggak-enak
Polisi Turun Tangan Awasi Makanan MBG Antisipasi Agar tak Ada Lagi Kasus Keracunan,Date not found,https://republika.co.id/berita//t313fj377/polisi-turun-tangan-awasi-makanan-mbg-antisipasi-agar-tak-ada-lagi-kasus-keracunan
Komisi IX DPR Minta Tim Investigasi MBG Libatkan Masyarakat Sipil,Date not found,https://republika.co.id/berita//t312cx416/komisi-ix-dpr-minta-tim-investigasi-mbg-libatkan-masyarakat-sipil
Ratusan Siswa di Bandung Barat Keracunan Makanan MBG,Date not found,https://republika.co.id/berita//t3115d375/ratusan-siswa-di-bandung-barat-keracunan-makanan-mbg
"Viral Surat Penerima MBG Diminta Rahasiakan Kasus Keracunan, Ini Klarifikasi BGN",Date not found,https://republika.co.id/berita//t310a4409/viral-surat-penerima-mbg-diminta-rahasiakan-kasus-keracunan-ini-klarifikasi-bgn
MBG dan Keracunan,Date not found,https://republika.co.id/berita//t30vzh393/mbg-dan-keracunan
Polisi Selidiki Kasus Siswa Keracunan Massal Diduga Usai Konsumsi MBG di Bandung Barat,Date not found,https://republika.co.id/berita//t30vnw512/polisi-selidiki-kasus-siswa-keracunan-massal-diduga-usai-konsumsi-mbg-di-bandung-barat
Dinkes Lakukan Penyelidikan Epidemiologi Kasus Keracunan Massal Akibat MBG di Bandung Barat,Date not found,https://republika.co.id/berita//t30r0d282/dinkes-lakukan-penyelidikan-epidemiologi-kasus-keracunan-massal-akibat-mbg-di-bandung-barat
Saat MBG Berubah Jadi Mimpi Buruk di Bandung Barat: Siswa Keracunan Massal Santap Ayam Masih Berbulu,Date not found,https://republika.co.id/berita//t30qh0282/saat-mbg-berubah-jadi-mimpi-buruk-di-bandung-barat-siswa-keracunan-massal-santap-ayam-masih-berbulu
Menteri LH Minta Pemda Kelola Limbah MBG,Date not found,https://republika.co.id/berita//t30lu5416/menteri-lh-minta-pemda-kelola-limbah-mbg
"Anggota Dewan Punya Dapur MBG, BGN: Terbuka bagi Seluruh Warga",Date not found,https://republika.co.id/berita//t30irl484/anggota-dewan-punya-dapur-mbg-bgn-terbuka-bagi-seluruh-warga
"Tolak Usul Program MBG Diganti Uang Tunai, BGN: Sudah Ada BLT",Date not found,https://republika.co.id/berita//t2zz5a487/tolak-usul-program-mbg-diganti-uang-tunai-bgn-sudah-ada-blt
"Akan Panggil SPPG, Prabowo Minta Menu Telur Buat MBG Hanya Boleh Ceplok atau Rebus, Dadar Dilarang",Date not found,https://republika.co.id/berita//t2zt9o377/akan-panggil-sppg-prabowo-minta-menu-telur-buat-mbg-hanya-boleh-ceplok-atau-rebus-dadar-dilarang
"Siswa PAUD-SMA/SMK Bandung Barat yang Keracunan Usai Makan MBG Capai 75 Orang, Begini Kondisinya",Date not found,https://republika.co.id/berita//t2zrl8512/siswa-paud-smasmk-bandung-barat-yang-keracunan-usai-makan-mbg-capai-75-orang-begini-kondisinya
"Ada 45 Kasus dan 4.711 Orang Keracunan MBG, BGN Bentuk Tim Investigasi",Date not found,https://republika.co.id/berita//t2zqwq487/ada-45-kasus-dan-4-711-orang-keracunan-mbg-bgn-bentuk-tim-investigasi
Legislator: Pengelolaan MBG Sebaiknya Diserahkan ke Sekolah,Date not found,https://republika.co.id/berita//t2z9f9458/legislator-pengelolaan-mbg-sebaiknya-diserahkan-ke-sekolah
BPOM Tanggapi KPAI yang Desak MBG Disetop Imbas Keracunan,Date not found,https://republika.co.id/berita//t2z91m458/bpom-tanggapi-kpai-yang-desak-mbg-disetop-imbas-keracunan
"Surat Perjanjian SPPG Sleman Viral, Minta Penerima MBG Rahasiakan Jika Terjadi Kasus Keracunan",Date not found,https://republika.co.id/berita//t2yw6v291/surat-perjanjian-sppg-sleman-viral-minta-penerima-mbg-rahasiakan%c2%a0jika-terjadi-kasus-keracunan
Respon BGN atas Kasus Keracunan Akibat MBG di Sejumlah Daerah,Date not found,https://republika.co.id/berita//t2yn65430/respon-bgn-atas-kasus-keracunan-akibat-mbg-di-sejumlah-daerah
"Ada Anak PAUD Keracunan, KPAl Minta Evaluasi Menyeluruh Program MBG",Date not found,https://republika.co.id/berita//t2wylb425/ada-anak-paud-keracunan-kpal-minta-evaluasi-menyeluruh-program-mbg
Sultan HB X: Siswa Keracunan MBG di DIY karena Katering Masak Sejak Dini Hari,Date not found,https://republika.co.id/berita//t2u3i3282/sultan-hb-x-siswa-keracunan-mbg-di-diy-karena-katering-masak-sejak-dini-hari
"Kasus Keracunan Massal MBG di DIY, Ini Dugaan Penyebabnya Menurut Sri Sultan",Date not found,https://republika.co.id/berita//t2u1xx409/kasus-keracunan-massal-mbg-di-diy-ini-dugaan-penyebabnya-menurut-sri-sultan
"Respons Kasus Keracunan MBG, Mensesneg: Kami Mohon Maaf, Itu Bukan Sesuatu yang Disengaja",Date not found,https://republika.co.id/berita//t2twkd377/respons-kasus-keracunan-mbg-mensesneg-kami-mohon-maaf-itu-bukan-sesuatu-yang-disengaja
RMI NU Jakarta Imbau Dapur MBG tidak Beli Baki dari China yang Gunakan Minyak Babi,Date not found,https://republika.co.id/berita//t2twfj430/rmi-nu-jakarta-imbau-dapur-mbg-tidak-beli-baki-dari-china-yang-gunakan-minyak-babi
Penjelasan Kepala BGN Soal Hasil Investigasi Dugaan Ompreng MBG Mengandung Minyak Babi,Date not found,https://republika.co.id/berita//t2scnh409/penjelasan-kepala-bgn-soal-hasil-investigasi-dugaan-ompreng-mbg-mengandung-minyak-babi
Kemendag Dukung Baki MBG Disertifikasi Halal dan SNI,Date not found,https://republika.co.id/berita//t2savg430/kemendag-dukung-baki-mbg-disertifikasi-halal-dan-sni
"Ratusan Pelajar yang Keracunan MBG, Ini yang Dilakukan Dinkes Garut",Date not found,https://republika.co.id/berita//t2ruay282/ratusan-pelajar-yang-keracunan-mbg-ini-yang-dilakukan-dinkes-garut
"194 Siswa di Garut Diduga Keracunan MBG, 19 Siswa Dirawat Intesif",Date not found,https://republika.co.id/berita//t2rt86282/194-siswa-di-garut-diduga-keracunan-mbg-19-siswa-dirawat-intesif
"Polisi Ungkap Segel Dapur MBG yang Dilakukan Warga di Bandung Telah Dicopot, Ini Penyebabnya",Date not found,https://republika.co.id/berita//t2rsrk512/polisi-ungkap-segel-dapur-mbg-yang-dilakukan-warga-di-bandung-telah-dicopot-ini-penyebabnya
"Ratusan Siswa di Garut Diduga Alami Keracunan Usai Santap MBG, Ini Kronologinya",Date not found,https://republika.co.id/berita//t2rqg6512/ratusan-siswa-di-garut-diduga-alami-keracunan-usai-santap-mbg-ini-kronologinya
"Ratusan Siswa di Garut Diduga Alami Keracunan Usai Santap MBG, 19 Orang Dirawat Intensif",Date not found,https://republika.co.id/berita//t2rolu487/ratusan-siswa-di-garut-diduga-alami-keracunan-usai-santap-mbg-19-orang-dirawat-intensif
"Segel Dapur MBG di Bandung yang Dipasang Warga Telah Dicopot, Apa Kesepakatannya?",Date not found,https://republika.co.id/berita//t2reym487/segel-dapur-mbg-di-bandung-yang-dipasang-warga-telah-dicopot-apa-kesepakatannya
Warga Segel Dapur MBG Diduga tak Berizin dan Ganggu Pemukiman di Bandung,Date not found,https://republika.co.id/berita//t2qap8512/warga-segel-dapur-mbg-diduga-tak-berizin-dan-ganggu-pemukiman-di-bandung
"Surat Menerima MBG dengan Risiko Keracunan di MTsN 2 Brebes Diusulkan SPPG, Alasannya agar Aman",Date not found,https://republika.co.id/berita//t2prnx487/surat-menerima-mbg-dengan-risiko-keracunan-di-mtsn-2-brebes-diusulkan-sppg-alasannya-agar-aman
Kemenag Tarik Surat Kontroversi Orang Tua Soal Risiko Pelaksanaan MBG di MTs 2 Brebes,Date not found,https://republika.co.id/berita//t2ojd7282/kemenag-tarik-surat-kontroversi-orang-tua-soal-risiko-pelaksanaan-mbg-di-mts-2-brebes
"Orang Tua Murid MTs 2 Brebes Diminta Terima MBG dengan Potensi Risiko, Termasuk Keracunan",Date not found,https://republika.co.id/berita//t2obex282/orang-tua-murid-mts-2-brebes-diminta-terima-mbg-dengan-potensi-risiko-termasuk-keracunan
Kemenag Brebes Cabut Surat Pernyataan untuk Orang Tua Soal Terima MBG dengan Beragam Risikonya,Date not found,https://republika.co.id/berita//t2o82l377/kemenag-brebes-cabut-surat-pernyataan-untuk-orang-tua-soal-terima-mbg-dengan-beragam-risikonya
"Viral Orang Tua Murid MTs 2 Brebes Diminta Terima MBG dengan Potensi Risiko, Termasuk Keracunan",Date not found,https://republika.co.id/berita//t2o3oc409/viral-orang-tua-murid-mts-2-brebes-diminta-terima-mbg-dengan-potensi-risiko-termasuk-keracunan
"Topang Program MBG, Pemkab Bandung Tabur Ribuan Benih Ikan",Date not found,https://republika.co.id/berita//t2f3il368/topang-program-mbg-pemkab-bandung-tabur-ribuan-benih-ikan
Bappenas: Sertifikasi Halal untuk MBG Bagian Penguatan Sistem,Date not found,https://republika.co.id/berita//t2f2uy502/bappenas-sertifikasi-halal-untuk-mbg-bagian-penguatan-sistem
Huruf China di Tutup Nampan MBG dan Reaksi Wali Kelas Soal KehalalanFood Trayyang Diragukan,Date not found,https://republika.co.id/berita//t2epbp483/huruf-china-di-tutup-nampan-mbg-dan-reaksi-wali-kelas-soal-kehalalan-food-tray-yang-diragukan
Pelajar-Wali Murid Kaget Laporan Nampan MBG Diduga tak Halal: Kalau Terbukti Harus Diganti,Date not found,https://republika.co.id/berita//t2emrc483/pelajar-wali-murid-kaget-laporan-nampan-mbg-diduga-tak-halal-kalau-terbukti-harus-diganti
"Ungkap Titik Rawan MBG Dikelola Yayasan, TTI Usulkan Gandeng Koperasi Merah Putih",Date not found,https://republika.co.id/berita//t2cuyw320/ungkap-titik-rawan-mbg-dikelola-yayasan-tti-usulkan-gandeng-koperasi-merah-putih
Wapres Gibran dan Titiek Soeharto Tinjau Program MBG di SMK 1 Batam,Date not found,https://republika.co.id/berita//t2ctto484/wapres-gibran-dan-titiek-soeharto-tinjau-program-mbg-di-smk-1-batam
BPJPH: Sertifikasi Halal Jadi Prioritas dalam Program MBG,Date not found,https://republika.co.id/berita//t2csf3423/bpjph-sertifikasi-halal-jadi-prioritas-dalam-program-mbg
Berjibaku Distribusikan MBG ke Sekolah di Wilayah Pelosok,Date not found,https://republika.co.id/berita//t2bccg375/berjibaku-distribusikan-mbg-ke-sekolah-di-wilayah-pelosok
BPJPH Bakal Inspeksi Pabrik Nampan MBG di China Pekan ini,Date not found,https://republika.co.id/berita//t29qyl451/bpjph-bakal-inspeksi-pabrik-nampan-mbg-di-china-pekan-ini
Legislator: BPJPH Wajib Awasi Kehalalan Ompreng MBG,Date not found,https://republika.co.id/berita//t29pwi458/legislator-bpjph-wajib-awasi-kehalalan-ompreng-mbg
Kepala BGN Ungkap Ada Satu Kecamatan tak Mau Terima MBG karena Ragu Kehalalan Tempat Makannya,Date not found,https://republika.co.id/berita//t29aqe483/kepala-bgn-ungkap-ada-satu-kecamatan-tak-mau-terima-mbg-karena-ragu-kehalalan-tempat-makannya
"Isu Nampan MBG Diragukan Kehalalannya, Babe Haikal Sebut Wartawan tidak Bertanggung Jawab",Date not found,https://republika.co.id/berita//t29a2k430/isu-nampan-mbg-diragukan-kehalalannya-babe-haikal-sebut-wartawan-tidak-bertanggung-jawab
"Perkembangan Terbaru Uji Lab Nampan MBG, Benarkah Mengandung Babi?",Date not found,https://republika.co.id/berita//t27kch483/perkembangan-terbaru-uji-lab-nampan-mbg-benarkah-mengandung-babi
BPOM Masih Tunggu Hasil Uji Laboratorium Nampan MBG,Date not found,https://republika.co.id/berita//t27k59416/bpom-masih-tunggu-hasil-uji-laboratorium-nampan-mbg
"Soal Ompreng MBG Diduga Mengandung Minyak Babi, Kemenag: Itu Kewenangan BPJPH",Date not found,https://republika.co.id/berita//t22jga458/soal-ompreng-mbg-diduga-mengandung-minyak-babi-kemenag-itu-kewenangan-bpjph
"Peran KEK Galang Batang, Ciptakan Lapangan Kerja dan Ikut Program MBG",Date not found,https://republika.co.id/berita//t22agc484/peran-kek-galang-batang-ciptakan-lapangan-kerja-dan-ikut-program-mbg
"Sikapi Isu Nampan MBG Impor Diduga Mengandung Babi, Begini Hasil Mudzakaroh MUI",Date not found,https://republika.co.id/berita//t1yb3g483/sikapi-isu-nampan-mbg-impor-diduga-mengandung-babi-begini-hasil-mudzakaroh-mui
"Isu Nampan MBG Terpapar Minyak Babi, MUI: Ada Testimoni Meyakinkan",Date not found,https://republika.co.id/berita//t1yb0c430/isu-nampan-mbg-terpapar-minyak-babi-mui-ada-testimoni-meyakinkan
"Nampan MBG Diduga Berbahan Babi, Pakar IPB: Kadang Lemak Hewani Digunakan untuk Industri Kecil",Date not found,https://republika.co.id/berita//t1wq1c483/nampan-mbg-diduga-berbahan-babi-pakar-ipb-kadang-lemak-hewani-digunakan-untuk-industri-kecil
LPPOM MUI: Baru Satu Produk Nampan MBG yang Tersertifikasi Halal,Date not found,https://republika.co.id/berita//t1wiam483/lppom-mui-baru-satu-produk-nampan-mbg-yang-tersertifikasi-halal
